"Freq [GHz]","dB(S(Port4,Port3)) []"
0.0001,-0.101041286029623
0.000100460655593623,-0.101041300636049
0.000100923433223006,-0.101041315378411
0.000101388342663425,-0.101041330257885
0.000101855393735186,-0.101041345275631
0.000102324596303834,-0.101041360433147
0.00010279596028036,-0.101041375731798
0.00010326949562141,-0.101041391172702
0.000103745212329497,-0.101041406757404
0.000104223120453209,-0.101041422486918
0.000104703230087426,-0.101041438363004
0.000105185551373528,-0.101041454386619
0.000105670094499614,-0.101041470559462
0.000106156869700713,-0.101041486883046
0.000106645887259005,-0.101041503358367
0.000107137157504033,-0.101041519987217
0.000107630690812924,-0.101041536770708
0.00010812649761061,-0.101041553710521
0.000108624588370042,-0.101041570808169
0.000109124973612419,-0.101041588064955
0.000109627663907405,-0.10104160548242
0.000110132669873353,-0.10104162306222
0.000110640002177531,-0.101041640805651
0.000111149671536347,-0.101041658714318
0.000111661688715573,-0.101041676789981
0.000112176064530576,-0.10104169503402
0.000112692809846542,-0.101041713447984
0.000113211935578712,-0.101041732033512
0.000113733452692604,-0.101041750792248
0.000114257372204254,-0.101041769725849
0.00011478370518044,-0.101041788835909
0.000115312462738922,-0.101041808124016
0.000115843656048673,-0.101041827592043
0.000116377296330119,-0.101041847241604
0.000116913394855372,-0.101041867074251
0.000117451962948468,-0.101041887091951
0.000117993011985611,-0.101041907296239
0.000118536553395407,-0.101041927688982
0.000119082598659111,-0.101041948271754
0.000119631159310867,-0.101041969046825
0.000120182246937949,-0.101041990015488
0.00012073587318101,-0.101042011179866
0.000121292049734329,-0.101042032541575
0.00012185078834605,-0.101042054102864
0.000122412100818441,-0.101042075865236
0.000122975999008133,-0.101042097830617
0.000123542494826378,-0.101042120001292
0.000124111600239297,-0.101042142378691
0.000124683327268135,-0.101042164965037
0.000125257687989512,-0.101042187762308
0.000125834694535679,-0.101042210772524
0.000126414359094776,-0.101042233997564
0.000126996693911089,-0.101042257439402
0.000127581711285308,-0.101042281100371
0.000128169423574784,-0.101042304982237
0.000128759843193796,-0.101042329087246
0.000129352982613809,-0.101042353417564
0.000129948854363738,-0.101042377975283
0.000130547471030214,-0.10104240276233
0.000131148845257848,-0.101042427781234
0.000131752989749501,-0.101042453033868
0.000132359917266548,-0.101042478522555
0.000132969640629152,-0.101042504249662
0.000133582172716531,-0.101042530217252
0.000134197526467233,-0.101042556427848
0.000134815714879409,-0.101042582883405
0.000135436751011084,-0.101042609586581
0.000136060647980439,-0.101042636539427
0.000136687418966081,-0.101042663744459
0.000137317077207327,-0.101042691204089
0.000137949636004483,-0.10104271892068
0.000138585108719121,-0.101042746896618
0.000139223508774364,-0.101042775134692
0.000139864849655172,-0.101042803636879
0.000140509144908622,-0.101042832405975
0.000141156408144196,-0.101042861444485
0.00014180665303407,-0.101042890754959
0.000142459893313401,-0.101042920340128
0.000143116142780619,-0.101042950202257
0.000143775415297716,-0.101042980344151
0.00014443772479054,-0.101043010768506
0.00014510308524909,-0.101043041478092
0.00014577151072781,-0.101043072475331
0.000146443015345887,-0.101043103763246
0.000147117613287549,-0.101043135344401
0.000147795318802363,-0.101043167221934
0.00014847614620554,-0.101043199398158
0.000149160109878232,-0.101043231876307
0.000149847224267841,-0.101043264658866
0.00015053750388832,-0.101043297749267
0.000151230963320483,-0.101043331150176
0.000151927617212309,-0.101043364864352
0.000152627480279256,-0.101043398894995
0.000153330567304569,-0.101043433245196
0.000154036893139592,-0.101043467917823
0.000154746472704083,-0.101043502915968
0.000155459320986529,-0.10104353824303
0.000156175453044463,-0.101043573901746
0.000156894884004779,-0.101043609895513
0.000157617629064055,-0.101043646227372
0.000158343703488876,-0.101043682900629
0.000159073122616147,-0.10104371991871
0.00015980590185343,-0.101043757284699
0.000160542056679258,-0.101043795002099
0.000161281602643469,-0.101043833074047
0.000162024555367532,-0.101043871504095
0.000162770930544876,-0.101043910295629
0.000163520743941224,-0.101043949452161
0.000164274011394923,-0.101043988976978
0.000165030748817284,-0.101044028874017
0.000165790972192909,-0.101044069146376
0.000166554697580038,-0.101044109798046
0.000167321941110883,-0.10104415083239
0.00016809271899197,-0.101044192253181
0.00016886704750448,-0.101044234064233
0.000169644943004596,-0.101044276269133
0.000170426421923846,-0.101044318871749
0.00017121150076945,-0.101044361875872
0.000172000196124671,-0.101044405285276
0.000172792524649162,-0.101044449103997
0.000173588503079322,-0.101044493335998
0.000174388148228644,-0.101044537984941
0.000175191476988075,-0.101044583055333
0.000175998506326372,-0.10104462855083
0.000176809253290458,-0.101044674475652
0.000177623735005784,-0.101044720834032
0.000178441968676691,-0.101044767630091
0.000179263971586772,-0.101044814867898
0.000180089761099238,-0.101044862551912
0.000180919354657285,-0.101044910686421
0.000181752769784461,-0.101044959275636
0.000182590024085038,-0.101045008324021
0.000183431135244384,-0.101045057836083
0.000184276121029334,-0.101045107816083
0.000185124999288568,-0.101045158268908
0.000185977787952986,-0.101045209198809
0.000186834505036089,-0.10104526061051
0.000187695168634356,-0.101045312508884
0.000188559796927631,-0.101045364898195
0.000189428408179503,-0.101045417783492
0.000190301020737693,-0.101045471169548
0.000191177653034444,-0.101045525061265
0.000192058323586905,-0.101045579463563
0.000192943050997527,-0.101045634381058
0.000193831853954455,-0.101045689819191
0.00019472475123192,-0.101045745782691
0.000195621761690639,-0.101045802277123
0.000196522904278212,-0.101045859307101
0.00019742819802952,-0.101045916878037
0.000198337662067133,-0.101045974995352
0.000199251315601707,-0.101046033664205
0.000200169177932395,-0.101046092889877
0.00020109126844725,-0.101046152678077
0.000202017606623641,-0.101046213033936
0.000202948212028657,-0.101046273963443
0.000203883104319525,-0.101046335471747
0.000204822303244026,-0.10104639756477
0.000205765828640908,-0.101046460248028
0.000206713700440308,-0.101046523527533
0.000207665938664172,-0.101046587408805
0.000208622563426679,-0.101046651898011
0.000209583594934664,-0.101046717000976
0.000210549053488048,-0.101046782723653
0.000211518959480262,-0.101046849072179
0.000212493333398681,-0.101046916052713
0.000213472195825059,-0.101046983671455
0.000214455567435958,-0.101047051934565
0.000215443469003188,-0.101047120848318
0.000216435921394248,-0.101047190419469
0.000217432945572761,-0.101047260654091
0.000218434562598922,-0.101047331558774
0.00021944079362994,-0.101047403140308
0.000220451659920488,-0.101047475405072
0.000221467182823148,-0.101047548360106
0.000222487383788862,-0.101047622011904
0.000223512284367392,-0.101047696367567
0.000224541906207766,-0.10104777143376
0.000225576271058741,-0.101047847217755
0.00022661540076926,-0.101047923726589
0.000227659317288915,-0.101048000967472
0.000228708042668411,-0.101048078947571
0.00022976159906003,-0.101048157673923
0.000230820008718098,-0.101048237154267
0.00023188329399946,-0.101048317395923
0.000232951477363947,-0.101048398406702
0.000234024581374852,-0.101048480193774
0.000235102628699409,-0.101048562765165
0.000236185642109269,-0.101048646128503
0.00023727364448098,-0.10104873029169
0.000238366658796476,-0.101048815262735
0.000239464708143555,-0.101048901049811
0.000240567815716372,-0.10104898766047
0.000241676004815927,-0.10104907510353
0.000242789298850557,-0.101049163387163
0.000243907721336431,-0.101049252519383
0.000245031295898047,-0.101049342509051
0.000246160046268729,-0.101049433364491
0.000247293996291132,-0.101049525094451
0.000248433169917742,-0.101049617707727
0.000249577591211384,-0.101049711212966
0.000250727284345729,-0.101049805619171
0.000251882273605808,-0.101049900935474
0.000253042583388519,-0.101049997170894
0.000254208238203147,-0.10105009433468
0.000255379262671881,-0.101050192436063
0.000256555681530334,-0.101050291484642
0.000257737519628062,-0.10105039148982
0.000258924801929094,-0.101050492461005
0.000260117553512459,-0.101050594408286
0.00026131579957271,-0.101050697341286
0.000262519565420464,-0.101050801269954
0.000263728876482929,-0.101050906204405
0.000264943758304448,-0.101051012154775
0.000266164236547033,-0.101051119131203
0.000267390336990912,-0.101051227144113
0.000268622085535069,-0.101051336203987
0.000269859508197794,-0.101051446321637
0.000271102631117232,-0.101051557507338
0.000272351480551933,-0.101051669772279
0.000273606082881412,-0.101051783127147
0.000274866464606699,-0.101051897583371
0.000276132652350904,-0.101052013151693
0.000277404672859779,-0.101052129843829
0.000278682553002281,-0.101052247670814
0.000279966319771138,-0.101052366644384
0.000281256000283425,-0.101052486776427
0.000282551621781132,-0.101052608078532
0.000283853211631741,-0.101052730562644
0.000285160797328802,-0.101052854240739
0.000286474406492518,-0.101052979125348
0.000287794066870325,-0.101053105228704
0.000289119806337479,-0.101053232563006
0.000290451652897646,-0.101053361141022
0.000291789634683491,-0.101053490975722
0.000293133779957273,-0.101053622079768
0.000294484117111446,-0.10105375446622
0.000295840674669252,-0.1010538881484
0.00029720348128533,-0.101054023139707
0.000298572565746314,-0.101054159453237
0.000299947956971449,-0.101054297102893
0.000301329684013197,-0.101054436102529
0.000302717776057851,-0.101054576466002
0.000304112262426154,-0.101054718207473
0.000305513172573915,-0.101054861340919
0.000306920536092633,-0.101055005881168
0.000308334382710122,-0.101055151842352
0.000309754742291141,-0.101055299239605
0.000311181644838018,-0.101055448087707
0.000312615120491294,-0.101055598401838
0.00031405519953035,-0.10105575019696
0.000315501912374051,-0.101055903488617
0.000316955289581391,-0.101056058292578
0.000318415361852133,-0.101056214624528
0.000319882160027461,-0.101056372500355
0.00032135571509063,-0.101056531936141
0.000322836058167624,-0.101056692948504
0.000324323220527806,-0.101056855553731
0.000325817233584587,-0.101057019768413
0.000327318128896083,-0.101057185609636
0.000328825938165787,-0.101057353094515
0.000330340693243232,-0.101057522240168
0.000331862426124671,-0.101057693064153
0.000333391168953748,-0.101057865584058
0.00033492695402218,-0.101058039818065
0.000336469813770436,-0.101058215783947
0.000338019780788423,-0.101058393500079
0.000339576887816179,-0.101058572985122
0.000341141167744556,-0.101058754257752
0.000342712653615924,-0.101058937336675
0.00034429137862486,-0.101059122241459
0.000345877376118859,-0.101059308991369
0.000347470679599028,-0.101059497605903
0.000349071322720802,-0.101059688105037
0.000350679339294651,-0.101059880508646
0.000352294763286793,-0.101060074837421
0.000353917628819916,-0.101060271111612
0.000355547970173894,-0.101060469352128
0.000357185821786514,-0.101060669579985
0.000358831218254203,-0.101060871816568
0.000360484194332758,-0.101061076083396
0.00036214478493808,-0.10106128240238
0.000363813025146913,-0.101061490795351
0.000365488950197583,-0.101061701284644
0.000367172595490743,-0.101061913893152
0.000368863996590123,-0.10106212864348
0.000370563189223279,-0.101062345558892
0.000372270209282345,-0.101062564662708
0.000373985092824797,-0.101062785978828
0.000375707876074212,-0.101063009530901
0.000377438595421032,-0.101063235343527
0.000379177287423332,-0.101063463441148
0.000380923988807597,-0.101063693848541
0.000382678736469493,-0.101063926591138
0.000384441567474646,-0.101064161694001
0.000386212519059432,-0.101064399183086
0.000387991628631753,-0.101064639084705
0.000389778933771835,-0.10106488142501
0.000391574472233021,-0.101065126230754
0.000393378281942563,-0.101065373529137
0.000395190401002431,-0.101065623347459
0.000397010867690112,-0.101065875713352
0.000398839720459419,-0.101066130655145
0.000400676997941307,-0.101066388200992
0.000402522738944686,-0.101066648379707
0.000404376982457241,-0.101066911220543
0.000406239767646255,-0.101067176752799
0.000408111133859441,-0.101067445006392
0.000409991120625764,-0.101067716011718
0.000411879767656285,-0.101067989799154
0.000413777114844997,-0.101068266399645
0.000415683202269664,-0.101068545844537
0.000417598070192672,-0.101068828165921
0.000419521759061878,-0.101069113395558
0.000421454309511463,-0.101069401565951
0.000423395762362795,-0.10106969271046
0.000425346158625283,-0.101069986862127
0.000427305539497253,-0.101070284054931
0.000429273946366809,-0.101070584322996
0.000431251420812716,-0.101070887701002
0.00043323800460527,-0.101071194224096
0.000435233739707186,-0.101071503927434
0.000437238668274484,-0.101071816847794
0.000439252832657374,-0.101072133020997
0.00044127627540116,-0.101072452483914
0.000443309039247128,-0.101072775274423
0.000445351167133458,-0.101073101430021
0.000447402702196125,-0.101073430989177
0.000449463687769814,-0.101073763990796
0.000451534167388831,-0.101074100473962
0.000453614184788029,-0.101074440478861
0.000455703783903724,-0.101074784045556
0.00045780300887463,-0.101075131215321
0.000459911904042787,-0.101075482029302
0.0004620305139545,-0.101075836529313
0.000464158883361278,-0.101076194758343
0.000466297057220781,-0.101076556759179
0.00046844508069777,-0.10107692257525
0.000470602999165058,-0.101077292251042
0.000472770858204471,-0.101077665831245
0.000474948703607811,-0.101078043361299
0.000477136581377822,-0.101078424886959
0.000479334537729163,-0.101078810454984
0.000481542619089381,-0.101079200112651
0.000483760872099896,-0.101079593907448
0.000485989343616986,-0.10107999188791
0.000488228080712771,-0.101080394103379
0.000490477130676214,-0.101080800603445
0.000492736541014118,-0.101081211438354
0.000495006359452126,-0.101081626659479
0.000497286633935733,-0.101082046318273
0.0004995774126313,-0.101082470467259
0.000501878743927065,-0.101082899160022
0.000504190676434171,-0.101083332449834
0.000506513258987693,-0.101083770391578
0.000508846540647664,-0.101084213040664
0.000511190570700116,-0.101084660453041
0.000513545398658122,-0.101085112685701
0.000515911074262836,-0.101085569796106
0.00051828764748455,-0.101086031842707
0.000520675168523746,-0.101086498884751
0.000523073687812159,-0.101086970982345
0.000525483256013838,-0.101087448196256
0.00052790392402622,-0.101087930587912
0.000530335742981204,-0.101088418220219
0.000532778764246231,-0.101088911156108
0.000535233039425368,-0.101089409460518
0.000537698620360402,-0.101089913197875
0.000540175559131928,-0.101090422434621
0.000542663908060455,-0.101090937237639
0.000545163719707511,-0.101091457674818
0.000547675046876749,-0.101091983814809
0.000550197942615066,-0.101092515727673
0.000552732460213723,-0.101093053484052
0.00055527865320947,-0.10109359715584
0.000557836575385675,-0.101094146815544
0.000560406280773467,-0.101094702537241
0.000562987823652866,-0.101095264395565
0.000565581258553942,-0.101095832466362
0.000568186640257956,-0.101096406826933
0.000570804023798525,-0.101096987555135
0.00057343346446278,-0.101097574729783
0.000576075017792536,-0.101098168431692
0.000578728739585464,-0.101098768741925
0.000581394685896271,-0.101099375743287
0.000584072913037881,-0.101099989519439
0.000586763477582629,-0.101100610155469
0.000589466436363453,-0.101101237737312
0.000592181846475093,-0.101101872352752
0.000594909765275303,-0.101102514090142
0.000597650250386055,-0.10110316303962
0.000600403359694763,-0.101103819292568
0.000603169151355499,-0.101104482941291
0.000605947683790229,-0.101105154079874
0.00060873901569004,-0.101105832803741
0.000611543206016384,-0.101106519209339
0.000614360314002322,-0.101107213394945
0.000617190399153776,-0.101107915459934
0.000620033521250784,-0.101108625505557
0.000622889740348766,-0.101109343634037
0.000625759116779788,-0.101110069949625
0.000628641711153843,-0.101110804557633
0.000631537584360123,-0.101111547565202
0.000634446797568311,-0.101112299080915
0.000637369412229874,-0.101113059215035
0.000640305490079356,-0.101113828079534
0.000643255093135684,-0.101114605788183
0.00064621828370348,-0.101115392455846
0.000649195124374377,-0.101116188199785
0.000652185678028338,-0.101116993138647
0.000655190007834986,-0.101117807393069
0.00065820817725494,-0.101118631085077
0.000661240250041151,-0.101119464338995
0.000664286290240255,-0.101120307281022
0.000667346362193919,-0.101121160038876
0.000670420530540208,-0.101122022742535
0.000673508860214941,-0.101122895523725
0.00067661141645307,-0.10112377851637
0.000679728264790055,-0.101124671856393
0.00068285947106325,-0.10112557568164
0.00068600510141329,-0.10112649013215
0.000689165222285492,-0.101127415350197
0.000692339900431257,-0.10112835148013
0.00069552920290948,-0.101129298668561
0.000698733197087966,-0.101130257064173
0.000701951950644856,-0.101131226818273
0.00070518553157005,-0.101132208084195
0.00070843400816665,-0.101133201018058
0.000711697449052399,-0.101134205777672
0.000714975923161134,-0.101135222524012
0.000718269499744236,-0.10113625142036
0.000721578248372099,-0.101137292632176
0.000724902238935594,-0.101138346327982
0.000728241541647552,-0.10113941267871
0.000731596227044241,-0.101140491858097
0.000734966365986858,-0.101141584042341
0.000738352029663027,-0.101142689410604
0.000741753289588301,-0.101143808144831
0.000745170217607675,-0.101144940429955
0.0007486028858971,-0.101146086453464
0.000752051366965011,-0.101147246406428
0.000755515733653857,-0.101148420482226
0.000758996059141638,-0.101149608877797
0.000762492416943455,-0.101150811793231
0.000766004880913059,-0.101152029431503
0.000769533525244413,-0.101153261998861
0.000773078424473258,-0.101154509705101
0.00077663965347869,-0.101155772763357
0.000780217287484737,-0.101157051389812
0.000783811402061951,-0.101158345804557
0.000787422073129008,-0.101159656231016
0.000791049376954301,-0.101160982896243
0.000794693390157564,-0.101162326030983
0.00079835418971148,-0.101163685869643
0.000802031852943313,-0.101165062650491
0.000805726457536537,-0.101166456615707
0.000809438081532483,-0.101167868011331
0.00081316680333198,-0.101169297087504
0.000816912701697017,-0.101170744098297
0.000820675855752404,-0.10117220930207
0.000824456344987444,-0.101173692961276
0.000828254249257611,-0.101175195342926
0.00083206964878624,-0.10117671671817
0.000835902624166216,-0.10117825736271
0.000839753256361682,-0.101179817556632
0.000843621626709747,-0.101181397585039
0.000847507816922202,-0.101182997737409
0.000851411909087249,-0.101184618308162
0.000855333985671235,-0.101186259596422
0.000859274129520392,-0.101187921906434
0.000863232423862586,-0.101189605547604
0.000867208952309079,-0.101191310834358
0.000871203798856294,-0.101193038086314
0.000875217047887585,-0.101194787628546
0.000879248784175024,-0.10119655979151
0.000883299092881192,-0.101198354911312
0.000887368059560973,-0.101200173329532
0.000891455770163368,-0.101202015393688
0.000895562311033304,-0.101203881456982
0.000899687768913462,-0.101205771878669
0.000903832230946107,-0.101207687024058
0.000907995784674931,-0.101209627264725
0.000912178518046901,-0.101211592978449
0.000916380519414115,-0.10121358454918
0.000920601877535671,-0.101215602368065
0.00092484268157954,-0.10121764683231
0.000929103021124453,-0.101219718346115
0.000933382986161787,-0.101221817320534
0.00093768266709747,-0.101223944173793
0.000942002154753891,-0.101226099331115
0.000946341540371817,-0.101228283225091
0.000950700915612322,-0.101230496295797
0.000955080372558719,-0.101232738990732
0.000959480003718509,-0.101235011765269
0.000963899902025336,-0.101237315082508
0.000968340160840946,-0.101239649413805
0.000972800873957162,-0.101242015238156
0.000977282135597862,-0.101244413043611
0.000981784040420976,-0.10124684332603
0.000986306683520476,-0.101249306590175
0.000990850160428395,-0.101251803349533
0.000995414567116834,-0.10125433412663
0.001,-0.101256899452937
0.00100460655593623,-0.101298234948807
0.00100923433223006,-0.101339766843756
0.00101388342663425,-0.10138149606706
0.00101855393735186,-0.101423423551809
0.00102324596303834,-0.101465550235462
0.0010279596028036,-0.101507877059478
0.0010326949562141,-0.101550404969588
0.00103745212329497,-0.101593134915731
0.00104223120453209,-0.101636067851708
0.00104703230087426,-0.101679204735891
0.00105185551373528,-0.101722546530724
0.00105670094499614,-0.101766094202797
0.00106156869700713,-0.101809848723086
0.00106645887259005,-0.101853811066503
0.00107137157504033,-0.101897982212714
0.00107630690812924,-0.101942363145152
0.0010812649761061,-0.101986954852017
0.00108624588370042,-0.102031758325249
0.00109124973612419,-0.102076774561443
0.00109627663907405,-0.102122004561607
0.00110132669873353,-0.102167449330834
0.00110640002177531,-0.102213109878665
0.00111149671536347,-0.102258987218942
0.00111661688715573,-0.102305082369982
0.00112176064530576,-0.102351396354301
0.00112692809846542,-0.102397930198917
0.00113211935578712,-0.102444684935286
0.00113733452692604,-0.102491661599253
0.00114257372204254,-0.102538861231025
0.0011478370518044,-0.102586284875092
0.00115312462738922,-0.102633933580829
0.00115843656048673,-0.102681808401696
0.00116377296330119,-0.10272991039571
0.00116913394855372,-0.102778240625297
0.00117451962948468,-0.102826800157699
0.00117993011985611,-0.102875590064073
0.00118536553395407,-0.10292461142065
0.00119082598659111,-0.102973865307799
0.00119631159310867,-0.103023352810662
0.00120182246937949,-0.103073075018817
0.0012073587318101,-0.103123033026276
0.00121292049734329,-0.103173227931797
0.0012185078834605,-0.103223660838584
0.00122412100818441,-0.103274332854489
0.00122975999008133,-0.103325245091923
0.00123542494826378,-0.103376398667748
0.00124111600239297,-0.103427794703749
0.00124683327268135,-0.103479434326035
0.00125257687989512,-0.103531318665436
0.00125834694535679,-0.103583448857415
0.00126414359094776,-0.103635826042129
0.00126996693911089,-0.103688451364242
0.00127581711285308,-0.103741325973095
0.00128169423574784,-0.103794451022932
0.00128759843193796,-0.103847827672355
0.00129352982613809,-0.103901457084797
0.00129948854363738,-0.103955340428251
0.00130547471030214,-0.104009478875648
0.00131148845257848,-0.104063873604438
0.00131752989749501,-0.104118525796655
0.00132359917266548,-0.104173436639219
0.00132969640629152,-0.104228607324053
0.00133582172716531,-0.10428403904707
0.00134197526467233,-0.104339733009559
0.00134815714879409,-0.104395690417296
0.00135436751011084,-0.104451912480777
0.00136060647980439,-0.104508400415384
0.00136687418966081,-0.104565155441083
0.00137317077207327,-0.104622178782755
0.00137949636004483,-0.104679471669921
0.00138585108719121,-0.104737035336898
0.00139223508774364,-0.104794871022789
0.00139864849655172,-0.104852979971493
0.00140509144908622,-0.104911363431715
0.00141156408144196,-0.104970022656911
0.0014180665303407,-0.105028958905239
0.00142459893313401,-0.105088173439759
0.00143116142780619,-0.10514766752831
0.00143775415297716,-0.105207442443471
0.0014443772479054,-0.105267499462607
0.0014510308524909,-0.105327839868018
0.0014577151072781,-0.105388464946634
0.00146443015345887,-0.105449375990403
0.00147117613287549,-0.105510574295726
0.00147795318802363,-0.105572061164304
0.0014847614620554,-0.105633837902124
0.00149160109878232,-0.1056959058203
0.00149847224267841,-0.105758266234812
0.0015053750388832,-0.105820920466095
0.00151230963320483,-0.1058838698398
0.00151927617212309,-0.105947115686041
0.00152627480279256,-0.106010659339959
0.00153330567304569,-0.106074502141429
0.00154036893139592,-0.106138645435123
0.00154746472704083,-0.106203090570349
0.00155459320986529,-0.106267838901646
0.00156175453044463,-0.106332891787925
0.00156894884004779,-0.106398250593032
0.00157617629064055,-0.106463916685607
0.00158343703488876,-0.106529891439131
0.00159073122616147,-0.106596176231608
0.0015980590185343,-0.106662772446309
0.00160542056679258,-0.106729681470801
0.00161281602643469,-0.106796904697541
0.00162024555367532,-0.10686444352386
0.00162770930544876,-0.106932299351818
0.00163520743941224,-0.107000473588061
0.00164274011394923,-0.107068967644193
0.00165030748817284,-0.107137782936381
0.00165790972192909,-0.107206920885614
0.00166554697580038,-0.107276382917477
0.00167321941110883,-0.107346170462387
0.0016809271899197,-0.107416284955429
0.0016886704750448,-0.107486727836354
0.00169644943004596,-0.107557500549563
0.00170426421923845,-0.107628604544193
0.0017121150076945,-0.10770004127395
0.00172000196124671,-0.107771812197319
0.00172792524649162,-0.10784391877721
0.00173588503079322,-0.107916362481377
0.00174388148228644,-0.107989144782084
0.00175191476988075,-0.108062267156052
0.00175998506326372,-0.108135731084859
0.00176809253290458,-0.108209538054447
0.00177623735005784,-0.108283689555376
0.00178441968676691,-0.108358187082737
0.00179263971586772,-0.108433032136133
0.00180089761099238,-0.108508226219713
0.00180919354657285,-0.108583770842001
0.00181752769784461,-0.108659667516157
0.00182590024085038,-0.108735917759592
0.00183431135244384,-0.108812523094329
0.00184276121029334,-0.10888948504675
0.00185124999288568,-0.108966805147532
0.00185977787952986,-0.109044484931945
0.00186834505036089,-0.109122525939279
0.00187695168634356,-0.109200929713593
0.00188559796927631,-0.109279697802773
0.00189428408179503,-0.10935883175938
0.00190301020737693,-0.10943833314004
0.00191177653034444,-0.10951820350563
0.00192058323586905,-0.109598444421279
0.00192943050997527,-0.109679057456365
0.00193831853954455,-0.109760044184356
0.0019472475123192,-0.109841406182805
0.00195621761690639,-0.109923145033394
0.00196522904278212,-0.110005262322046
0.0019742819802952,-0.110087759638566
0.00198337662067133,-0.110170638576757
0.00199251315601707,-0.110253900734531
0.00200169177932395,-0.110337547713735
0.0020109126844725,-0.11042158112007
0.00202017606623641,-0.110506002563264
0.00202948212028657,-0.110590813656767
0.00203883104319525,-0.110676016017981
0.00204822303244026,-0.110761611268011
0.00205765828640908,-0.110847601031752
0.00206713700440308,-0.110933986937835
0.00207665938664172,-0.111020770618635
0.00208622563426679,-0.111107953710028
0.00209583594934664,-0.111195537851711
0.00210549053488048,-0.111283524686748
0.00211518959480261,-0.111371915861842
0.00212493333398681,-0.111460713027125
0.00213472195825059,-0.111549917836294
0.00214455567435958,-0.111639531946342
0.00215443469003188,-0.111729557017711
0.00216435921394248,-0.111819994714059
0.00217432945572761,-0.111910846702412
0.00218434562598922,-0.112002114652958
0.0021944079362994,-0.112093800239097
0.00220451659920488,-0.112185905137364
0.00221467182823147,-0.112278431027373
0.00222487383788862,-0.112371379591755
0.00223512284367392,-0.112464752516214
0.00224541906207766,-0.112558551489212
0.00225576271058741,-0.112652778202265
0.0022661540076926,-0.112747434349592
0.00227659317288915,-0.112842521628281
0.00228708042668411,-0.11293804173802
0.0022976159906003,-0.113033996381263
0.00230820008718099,-0.113130387263016
0.0023188329399946,-0.113227216090817
0.00232951477363947,-0.113324484574724
0.00234024581374852,-0.113422194427247
0.00235102628699409,-0.113520347363117
0.00236185642109269,-0.113618945099429
0.0023727364448098,-0.113717989355641
0.00238366658796476,-0.113817481853172
0.00239464708143555,-0.113917424315714
0.00240567815716372,-0.114017818468896
0.00241676004815927,-0.114118666040301
0.00242789298850557,-0.114219968759541
0.00243907721336431,-0.114321728357829
0.00245031295898047,-0.114423946568396
0.00246160046268729,-0.114526625125917
0.00247293996291132,-0.114629765766847
0.00248433169917742,-0.114733370229058
0.00249577591211384,-0.11483744025192
0.00250727284345729,-0.114941977576209
0.00251882273605808,-0.115046983943997
0.00253042583388519,-0.115152461098516
0.00254208238203147,-0.115258410784158
0.00255379262671881,-0.115364834746395
0.00256555681530334,-0.115471734731688
0.00257737519628062,-0.115579112487302
0.00258924801929094,-0.11568696976136
0.00260117553512459,-0.115795308302672
0.0026131579957271,-0.115904129860705
0.00262519565420464,-0.11601343618536
0.00263728876482929,-0.116123229027133
0.00264943758304448,-0.116233510136719
0.00266164236547033,-0.116344281265065
0.00267390336990912,-0.116455544163459
0.00268622085535069,-0.116567300582958
0.00269859508197794,-0.116679552274808
0.00271102631117232,-0.116792300990018
0.00272351480551933,-0.116905548479346
0.00273606082881412,-0.117019296493224
0.00274866464606699,-0.117133546781607
0.00276132652350905,-0.117248301093919
0.00277404672859779,-0.117363561178887
0.00278682553002281,-0.117479328784469
0.00279966319771138,-0.117595605657731
0.00281256000283425,-0.117712393544826
0.00282551621781132,-0.117829694190606
0.00283853211631741,-0.117947509338845
0.00285160797328802,-0.118065840731892
0.00286474406492518,-0.118184690110739
0.00287794066870325,-0.118304059214632
0.00289119806337479,-0.118423949781225
0.00290451652897646,-0.118544363546315
0.00291789634683491,-0.11866530224373
0.00293133779957273,-0.118786767605202
0.00294484117111446,-0.118908761360263
0.00295840674669252,-0.119031285236128
0.00297203481285329,-0.119154340957519
0.00298572565746314,-0.119277930246529
0.00299947956971449,-0.119402054822499
0.00301329684013197,-0.119526716401982
0.00302717776057851,-0.119651916698396
0.00304112262426154,-0.11977765742206
0.00305513172573915,-0.119903940279996
0.00306920536092633,-0.120030766975732
0.00308334382710122,-0.120158139209245
0.00309754742291141,-0.120286058676766
0.00311181644838018,-0.120414527070636
0.00312615120491294,-0.120543546079132
0.0031405519953035,-0.120673117386362
0.00315501912374051,-0.120803242672068
0.00316955289581391,-0.120933923611504
0.00318415361852133,-0.121065161875201
0.00319882160027461,-0.121196959128936
0.00321355715090631,-0.121329317033447
0.00322836058167624,-0.121462237244362
0.00324323220527806,-0.121595721411915
0.00325817233584587,-0.121729771180894
0.00327318128896083,-0.121864388190403
0.00328825938165786,-0.121999574073745
0.00330340693243232,-0.122135330458198
0.00331862426124671,-0.12227165896482
0.00333391168953748,-0.12240856120834
0.0033492695402218,-0.122546038796906
0.00336469813770436,-0.122684093331952
0.00338019780788423,-0.122822726407995
0.00339576887816179,-0.12296193961245
0.00341141167744556,-0.123101734525459
0.00342712653615924,-0.123242112719575
0.0034429137862486,-0.123383075759821
0.00345877376118859,-0.123524625203222
0.00347470679599028,-0.123666762598827
0.00349071322720802,-0.123809489487291
0.00350679339294651,-0.123952807400908
0.00352294763286793,-0.124096717863235
0.00353917628819916,-0.124241222388897
0.00355547970173894,-0.124386322483514
0.00357185821786514,-0.124532019643296
0.00358831218254204,-0.124678315355052
0.00360484194332758,-0.124825211095678
0.0036214478493808,-0.124972708332297
0.00363813025146913,-0.125120808521675
0.00365488950197583,-0.125269513110325
0.00367172595490743,-0.125418823534009
0.00368863996590123,-0.125568741217714
0.00370563189223278,-0.125719267575264
0.00372270209282345,-0.125870404009282
0.00373985092824797,-0.126022151910682
0.00375707876074212,-0.126174512658705
0.00377438595421032,-0.12632748762048
0.00379177287423332,-0.126481078150895
0.00380923988807597,-0.126635285592355
0.00382678736469493,-0.126790111274399
0.00384441567474646,-0.12694555651365
0.00386212519059432,-0.127101622613365
0.00387991628631753,-0.127258310863353
0.00389778933771836,-0.127415622539603
0.00391574472233021,-0.127573558904091
0.00393378281942563,-0.127732121204432
0.00395190401002431,-0.127891310673749
0.00397010867690112,-0.128051128530264
0.00398839720459419,-0.128211575977126
0.00400676997941307,-0.128372654202109
0.00402522738944686,-0.128534364377279
0.00404376982457241,-0.128696707658891
0.00406239767646255,-0.128859685186854
0.0040811113385944,-0.129023298084688
0.00409991120625764,-0.129187547459109
0.00411879767656285,-0.129352434399678
0.00413777114844997,-0.129517959978739
0.00415683202269664,-0.129684125250925
0.00417598070192672,-0.129850931252913
0.00419521759061878,-0.130018379003161
0.00421454309511463,-0.130186469501595
0.00423395762362795,-0.130355203729265
0.00425346158625283,-0.130524582648116
0.00427305539497253,-0.130694607200598
0.00429273946366809,-0.130865278309425
0.00431251420812716,-0.13103659687719
0.0043323800460527,-0.131208563786127
0.00435233739707186,-0.131381179897721
0.00437238668274484,-0.131554446052496
0.00439252832657375,-0.13172836306953
0.0044127627540116,-0.131902931746296
0.00443309039247128,-0.132078152858142
0.00445351167133458,-0.132254027158213
0.00447402702196125,-0.132430555376927
0.00449463687769814,-0.132607738221625
0.00451534167388831,-0.132785576376405
0.00453614184788029,-0.132964070501621
0.00455703783903724,-0.133143221233597
0.0045780300887463,-0.133323029184285
0.00459911904042787,-0.133503494940944
0.004620305139545,-0.133684619065734
0.00464158883361278,-0.133866402095392
0.00466297057220781,-0.134048844540889
0.0046844508069777,-0.134231946887064
0.00470602999165058,-0.13441570959226
0.00472770858204471,-0.134600133087964
0.00474948703607811,-0.134785217778485
0.00477136581377822,-0.134970964040519
0.00479334537729163,-0.135157372222816
0.00481542619089381,-0.135344442645843
0.00483760872099896,-0.135532175601375
0.00485989343616986,-0.135720571352138
0.00488228080712771,-0.135909630131436
0.00490477130676214,-0.136099352142738
0.00492736541014118,-0.136289737559419
0.00495006359452126,-0.136480786524218
0.00497286633935733,-0.136672499148974
0.004995774126313,-0.136864875514237
0.00501878743927065,-0.137057915668818
0.00504190676434171,-0.137251619629483
0.00506513258987693,-0.137445987380518
0.00508846540647664,-0.137641018873386
0.00511190570700116,-0.137836714026317
0.00513545398658121,-0.138033072723895
0.00515911074262836,-0.138230094816744
0.0051828764748455,-0.138427780121059
0.00520675168523746,-0.138626128418313
0.00523073687812159,-0.138825139454718
0.00525483256013838,-0.139024812941056
0.0052790392402622,-0.139225148552076
0.00530335742981204,-0.139426145926272
0.00532778764246231,-0.139627804665377
0.00535233039425368,-0.139830124334022
0.00537698620360402,-0.140033104459421
0.00540175559131928,-0.140236744530863
0.00542663908060455,-0.140441043999421
0.00545163719707511,-0.140646002277527
0.00547675046876749,-0.140851618738638
0.00550197942615066,-0.141057892716789
0.00552732460213723,-0.141264823506303
0.00555278653209469,-0.141472410361336
0.00557836575385675,-0.141680652495569
0.00560406280773467,-0.141889549081832
0.00562987823652866,-0.142099099251729
0.00565581258553942,-0.142309302095261
0.00568186640257956,-0.14252015666052
0.00570804023798525,-0.14273166195331
0.0057343346446278,-0.142943816936776
0.00576075017792536,-0.143156620531134
0.00578728739585464,-0.143370071613267
0.00581394685896271,-0.143584169016457
0.00584072913037881,-0.143798911529998
0.00586763477582629,-0.144014297898925
0.00589466436363452,-0.144230326823736
0.00592181846475093,-0.144446996959996
0.00594909765275303,-0.144664306918145
0.00597650250386055,-0.144882255263162
0.00600403359694762,-0.145100840514314
0.00603169151355499,-0.145320061144867
0.00605947683790229,-0.145539915581876
0.0060873901569004,-0.145760402205897
0.00611543206016384,-0.145981519350814
0.00614360314002322,-0.146203265303573
0.00617190399153776,-0.146425638303989
0.00620033521250784,-0.146648636544585
0.00622889740348766,-0.146872258170404
0.00625759116779788,-0.147111252312379
0.00628641711153843,-0.147351740899153
0.00631537584360123,-0.147593141389181
0.00634446797568312,-0.147835456589032
0.00637369412229874,-0.148078689334781
0.00640305490079356,-0.148322842493269
0.00643255093135684,-0.148567918963165
0.00646218283703481,-0.148813921676292
0.00649195124374377,-0.149060853598819
0.00652185678028338,-0.149308717732609
0.00655190007834986,-0.149557517116513
0.0065820817725494,-0.149807254827774
0.00661240250041151,-0.150057933983393
0.00664286290240255,-0.150309557741692
0.0066734636219392,-0.150562129303683
0.00670420530540208,-0.150815651914722
0.00673508860214941,-0.15107164937156
0.0067661141645307,-0.15133641176849
0.00679728264790055,-0.151602275487313
0.0068285947106325,-0.151869243281411
0.00686005101413289,-0.152137317870844
0.00689165222285492,-0.152406501941356
0.00692339900431257,-0.152676798143214
0.0069552920290948,-0.152948209090171
0.00698733197087967,-0.153220737358367
0.00701951950644855,-0.153494385485139
0.00705185531570049,-0.15376915596786
0.0070843400816665,-0.154045051262805
0.007116974490524,-0.15432207378388
0.00714975923161134,-0.154600225901438
0.00718269499744236,-0.154879509940937
0.00721578248372099,-0.155159928181749
0.00724902238935595,-0.155441482855797
0.00728241541647552,-0.15572417614619
0.00731596227044241,-0.156008010185904
0.00734966365986858,-0.156292987056352
0.00738352029663027,-0.156579108785979
0.00741753289588301,-0.156866377348786
0.00745170217607675,-0.157154794662905
0.007486028858971,-0.157444362588959
0.00752051366965011,-0.157735082928682
0.00755515733653856,-0.158026957423231
0.00758996059141637,-0.158319987751625
0.00762492416943454,-0.158614175529062
0.00766004880913059,-0.158909522305325
0.00769533525244413,-0.159206029563018
0.00773078424473258,-0.159503698715831
0.00776639653478689,-0.159802531106791
0.00780217287484737,-0.160102528006435
0.00783811402061952,-0.160403690610987
0.00787422073129007,-0.160706020040441
0.00791049376954301,-0.161009517336666
0.00794693390157564,-0.16131418346146
0.0079835418971148,-0.161620019294529
0.00802031852943313,-0.161927025631472
0.00805726457536537,-0.162235203181706
0.00809438081532483,-0.162544552566318
0.0081316680333198,-0.162855074315962
0.00816912701697017,-0.163166768868608
0.00820675855752404,-0.163479636567338
0.00824456344987444,-0.163793677658042
0.00828254249257612,-0.164108892287078
0.0083206964878624,-0.164425280498915
0.00835902624166216,-0.164742842233727
0.00839753256361682,-0.165061577324832
0.00843621626709747,-0.165381485496306
0.00847507816922202,-0.165702566360304
0.00851411909087249,-0.166024819414521
0.00855333985671235,-0.166348244039468
0.00859274129520392,-0.16667283949578
0.00863232423862586,-0.166998604921447
0.00867208952309079,-0.167325539328989
0.00871203798856294,-0.167653641602554
0.00875217047887585,-0.167982910495012
0.00879248784175024,-0.168313344624948
0.00883299092881192,-0.168644942473608
0.00887368059560973,-0.16897770238182
0.00891455770163368,-0.169311622546782
0.00895562311033304,-0.169646701018891
0.00899687768913462,-0.169982935698401
0.00903832230946107,-0.170320324332097
0.00907995784674931,-0.170658864509896
0.00912178518046901,-0.170998553661322
0.00916380519414115,-0.171339389052018
0.0092060187753567,-0.171681367780076
0.0092484268157954,-0.172024486772386
0.00929103021124453,-0.172368742780878
0.00933382986161787,-0.172714132378719
0.00937682667097469,-0.173060651956376
0.00942002154753891,-0.173408297717685
0.00946341540371817,-0.173757065675786
0.00950700915612322,-0.174106951649033
0.00955080372558718,-0.174457951256747
0.00959480003718509,-0.174810059915016
0.00963899902025336,-0.17516327283226
0.00968340160840946,-0.175517585004842
0.00972800873957161,-0.175872991212554
0.00977282135597862,-0.17622948601398
0.00981784040420976,-0.176587063741851
0.00986306683520477,-0.176945718498206
0.00990850160428395,-0.177305444149602
0.00995414567116834,-0.177666234322092
0.01,-0.178028082396211
0.0100460655593623,-0.178390981501865
0.0100923433223006,-0.178754924513005
0.0101388342663425,-0.179119904042388
0.0101855393735186,-0.179485912436097
0.0102324596303834,-0.179852941768003
0.010279596028036,-0.180220983834178
0.010326949562141,-0.180590030147094
0.0103745212329497,-0.180960071929851
0.0104223120453209,-0.181331100110164
0.0104703230087426,-0.18170310531435
0.0105185551373528,-0.182076077861136
0.0105670094499614,-0.182450007755372
0.0106156869700713,-0.182824884681674
0.0106645887259005,-0.18320069799784
0.0107137157504033,-0.18357743672831
0.0107630690812924,-0.183955089557331
0.010812649761061,-0.18433364482213
0.0108624588370042,-0.184713090505891
0.0109124973612419,-0.185093414230652
0.0109627663907405,-0.185474603250029
0.0110132669873353,-0.185856644441831
0.0110640002177531,-0.186239524300574
0.0111149671536347,-0.186623228929763
0.0111661688715573,-0.187007744034162
0.0112176064530576,-0.187393054911827
0.0112692809846542,-0.187779146446034
0.0113211935578712,-0.188166003097073
0.0113733452692604,-0.188553608893873
0.0114257372204254,-0.188941947425474
0.011478370518044,-0.189357006785663
0.0115312462738922,-0.189821788229219
0.0115843656048673,-0.190287864974663
0.0116377296330119,-0.190755226689425
0.0116913394855372,-0.191223862685031
0.0117451962948468,-0.191693761909824
0.0117993011985611,-0.192164912941595
0.0118536553395407,-0.192637303980068
0.0119082598659111,-0.193110922839193
0.0119631159310867,-0.193585756939387
0.0120182246937949,-0.194061793299611
0.012073587318101,-0.194539018529222
0.0121292049734329,-0.195017418819816
0.012185078834605,-0.195496979936847
0.0122412100818441,-0.195977687211068
0.0122975999008133,-0.196459525529895
0.0123542494826378,-0.196942479328589
0.0124111600239297,-0.197426532581265
0.0124683327268135,-0.197920331617383
0.0125257687989512,-0.198466390010507
0.0125834694535679,-0.199014029101399
0.0126414359094776,-0.199563238253361
0.0126996693911089,-0.200114006442447
0.0127581711285308,-0.200666322249486
0.0128169423574784,-0.20122017385208
0.0128759843193796,-0.201775549016347
0.0129352982613809,-0.202332435088605
0.0129948854363738,-0.202890818986853
0.0130547471030214,-0.203450687192121
0.0131148845257848,-0.204012025739669
0.0131752989749501,-0.204574820210017
0.0132359917266548,-0.205139055719867
0.0132969640629152,-0.205704716912753
0.0133582172716531,-0.206271787949677
0.0134197526467233,-0.206840252499447
0.0134815714879409,-0.207410093728943
0.0135436751011084,-0.20798129429314
0.0136060647980439,-0.208553836325008
0.0136687418966081,-0.209127701425207
0.0137317077207327,-0.209702870651631
0.0137949636004483,-0.210279324508748
0.0138585108719121,-0.210857042936727
0.0139223508774364,-0.211436005300472
0.0139864849655172,-0.212016190378348
0.0140509144908622,-0.212597576350821
0.0141156408144196,-0.213180140788826
0.014180665303407,-0.213763860641936
0.0142459893313401,-0.214348712226431
0.0143116142780619,-0.214934671213004
0.0143775415297716,-0.215521712614407
0.014443772479054,-0.216109810772779
0.014510308524909,-0.216698939346804
0.014577151072781,-0.217289071298686
0.0146443015345887,-0.217880178880805
0.0147117613287549,-0.21847223362228
0.0147795318802363,-0.219065206315159
0.014847614620554,-0.219659067000512
0.0149160109878232,-0.220253784954201
0.0149847224267841,-0.220849328672433
0.015053750388832,-0.221445665857133
0.0151230963320483,-0.22204276340093
0.0151927617212309,-0.222640587372088
0.0152627480279256,-0.223239102998992
0.0153330567304569,-0.223838274654522
0.0154036893139592,-0.224438065840089
0.0154746472704083,-0.225038439169467
0.0155459320986529,-0.225639356352252
0.0156175453044463,-0.226240778177214
0.0156894884004779,-0.226842664495201
0.0157617629064055,-0.227444974201914
0.0158343703488876,-0.228047665220282
0.0159073122616148,-0.22865069448264
0.015980590185343,-0.229254017912541
0.0160542056679258,-0.22985759040636
0.0161281602643469,-0.230461365814499
0.0162024555367532,-0.231065296922385
0.0162770930544876,-0.231669335431092
0.0163520743941224,-0.232273431937709
0.0164274011394923,-0.232877535915326
0.0165030748817284,-0.233481595692755
0.0165790972192909,-0.234085558433938
0.0166554697580038,-0.234689370116971
0.0167321941110883,-0.235360976825835
0.016809271899197,-0.236088830436832
0.016886704750448,-0.236817317541594
0.0169644943004596,-0.237546390536712
0.0170426421923845,-0.238276000702213
0.017121150076945,-0.239006098181546
0.0172000196124671,-0.239736631961328
0.0172792524649162,-0.240467549850722
0.0173588503079322,-0.241198798460535
0.0174388148228644,-0.241930323182002
0.0175191476988075,-0.242662068165191
0.0175998506326372,-0.243393976297146
0.0176809253290458,-0.244125989179644
0.0177623735005784,-0.244858047106666
0.0178441968676691,-0.245590089041469
0.0179263971586772,-0.246322052593387
0.0180089761099238,-0.247053873994181
0.0180919354657285,-0.247785488074165
0.0181752769784461,-0.24851682823787
0.0182590024085038,-0.249331268950942
0.0183431135244384,-0.250163901904854
0.0184276121029334,-0.250996894384446
0.0185124999288568,-0.251830184730205
0.0185977787952986,-0.25266370990673
0.0186834505036089,-0.253497405479165
0.0187695168634356,-0.254331205589311
0.0188559796927631,-0.255165042931385
0.0189428408179503,-0.255998848727422
0.0190301020737693,-0.256832552702402
0.0191177653034444,-0.25766608305887
0.0192058323586905,-0.258499366451399
0.0192943050997527,-0.259332327960514
0.0193831853954455,-0.260164891066375
0.019472475123192,-0.26099697762205
0.0195621761690639,-0.261828507826408
0.0196522904278212,-0.262659400196646
0.019742819802952,-0.263489571540467
0.0198337662067133,-0.264318936927855
0.0199251315601707,-0.265147409662451
0.0200169177932395,-0.265974901252589
0.020109126844725,-0.266801321381908
0.0202017606623641,-0.26762657787958
0.0202948212028657,-0.268450576690164
0.0203883104319525,-0.269273221843014
0.0204822303244026,-0.270094415421348
0.0205765828640908,-0.27091405753085
0.0206713700440308,-0.271732046267922
0.0207665938664172,-0.272548277687493
0.0208622563426679,-0.273362645770417
0.0209583594934664,-0.274175042390459
0.0210549053488048,-0.27498535728089
0.0211518959480262,-0.275793478000605
0.0212493333398681,-0.276599289899867
0.0213472195825059,-0.277402676085603
0.0214455567435958,-0.278203517386292
0.0215443469003188,-0.279001692316378
0.0216435921394248,-0.279797077040314
0.0217432945572761,-0.280589545336114
0.0218434562598922,-0.281378968558495
0.021944079362994,-0.282206032958754
0.0220451659920488,-0.283160644123438
0.0221467182823148,-0.284113124013658
0.0222487383788862,-0.28506334904073
0.0223512284367392,-0.286011193232837
0.0224541906207766,-0.286956528199379
0.022557627105874,-0.287899223094878
0.022661540076926,-0.288839144582568
0.0227659317288915,-0.289776156797568
0.0228708042668411,-0.290710121309619
0.022976159906003,-0.291640897085552
0.0230820008718098,-0.292568340451273
0.023188329399946,-0.293492305053371
0.0232951477363947,-0.294412641820413
0.0234024581374852,-0.295329198923801
0.0235102628699409,-0.296241821738243
0.0236185642109269,-0.297150352801882
0.023727364448098,-0.29805463177605
0.0238366658796476,-0.298954495404583
0.0239464708143555,-0.299883764436446
0.0240567815716372,-0.300916236977927
0.0241676004815927,-0.301944945018687
0.0242789298850557,-0.302969727610398
0.0243907721336431,-0.303990420904279
0.0245031295898047,-0.305006858111934
0.0246160046268729,-0.306018869465923
0.0247293996291132,-0.307026282179934
0.0248433169917742,-0.308028920408792
0.0249577591211384,-0.309026605208098
0.0250727284345729,-0.310019154493631
0.0251882273605808,-0.311006383000492
0.0253042583388519,-0.311988102241916
0.0254208238203147,-0.312964120467957
0.0255379262671881,-0.313934242623766
0.0256555681530334,-0.314898270307757
0.0257737519628062,-0.315856001729494
0.0258924801929094,-0.316807231667325
0.0260117553512459,-0.31775175142586
0.0261315799572711,-0.318689348793228
0.0262519565420464,-0.319619807998082
0.0263728876482929,-0.320542909666537
0.0264943758304448,-0.321458430778805
0.0266164236547033,-0.322366144625786
0.0267390336990912,-0.323265820765427
0.0268622085535069,-0.324157224979012
0.0269859508197794,-0.325040119227268
0.0271102631117232,-0.325914261606413
0.0272351480551933,-0.326927807083166
0.0273606082881412,-0.32800295474973
0.0274866464606699,-0.329070325037109
0.0276132652350904,-0.330129679747651
0.027740467285978,-0.331180776891461
0.0278682553002281,-0.332223370646892
0.0279966319771138,-0.333257211321058
0.0281256000283425,-0.334282045310509
0.0282551621781132,-0.335297615061999
0.0283853211631741,-0.336303659033425
0.0285160797328802,-0.337299911654896
0.0286474406492518,-0.338286103290055
0.0287794066870325,-0.339261960197512
0.0289119806337479,-0.340227204492673
0.0290451652897646,-0.341181554109696
0.0291789634683491,-0.342124722763805
0.0293133779957273,-0.343056419913946
0.0294484117111446,-0.343976350725773
0.0295840674669252,-0.344884216035002
0.0297203481285329,-0.345873290264447
0.0298572565746314,-0.346938732809612
0.0299947956971449,-0.347992704660599
0.0301329684013197,-0.349034907499432
0.0302717776057851,-0.35006503878336
0.0304112262426154,-0.351082791715448
0.0305513172573915,-0.352087855215982
0.0306920536092633,-0.353079913894528
0.0308334382710122,-0.354058648022787
0.0309754742291141,-0.355023733508188
0.0311181644838018,-0.355974841868456
0.0312615120491294,-0.356911640206948
0.031405519953035,-0.357833791188994
0.0315501912374051,-0.358740953019225
0.0316955289581391,-0.359632779419917
0.0318415361852133,-0.360508919610436
0.0319882160027461,-0.361369018287842
0.0321355715090631,-0.362212715608663
0.0322836058167624,-0.363039647171913
0.0324323220527806,-0.363942114013849
0.0325817233584587,-0.364999639806039
0.0327318128896083,-0.366041438640584
0.0328825938165787,-0.367067152132907
0.0330340693243232,-0.368076417628614
0.0331862426124671,-0.369068868200483
0.0333391168953749,-0.370044132647155
0.033492695402218,-0.37100183549364
0.0336469813770436,-0.371941596993731
0.0338019780788423,-0.372863033134378
0.0339576887816179,-0.37376575564201
0.0341141167744556,-0.374649371991081
0.0342712653615923,-0.375513485414726
0.0344291378624861,-0.376357694917663
0.0345877376118859,-0.377181595291505
0.0347470679599028,-0.377984777132486
0.0349071322720802,-0.37876682686165
0.0350679339294651,-0.379527326747718
0.0352294763286793,-0.380265854932624
0.0353917628819916,-0.380998001129263
0.0355547970173894,-0.381913747498146
0.0357185821786514,-0.382808135362904
0.0358831218254203,-0.383680749567427
0.0360484194332758,-0.384531171330219
0.036214478493808,-0.385358978292409
0.0363813025146913,-0.386163744569159
0.0365488950197583,-0.386945040804655
0.0367172595490743,-0.387702434230631
0.0368863996590123,-0.388435488728702
0.0370563189223279,-0.389143764896461
0.0372270209282345,-0.389826820117677
0.0373985092824797,-0.390484208636387
0.0375707876074212,-0.391115481635326
0.0377438595421032,-0.391959886840106
0.0379177287423332,-0.392849968815345
0.0380923988807597,-0.393715215492487
0.0382678736469492,-0.394555196012362
0.0384441567474647,-0.395369477296998
0.0386212519059432,-0.396157624159698
0.0387991628631753,-0.396919199420072
0.0389778933771835,-0.397653764024332
0.0391574472233021,-0.398360877170779
0.0393378281942564,-0.399040096440747
0.0395190401002431,-0.399690977935086
0.0397010867690112,-0.400313076416311
0.0398839720459419,-0.400905945456578
0.0400676997941307,-0.401469137591578
0.0402522738944686,-0.402002204480456
0.0404376982457241,-0.402504697072017
0.0406239767646255,-0.402976165777162
0.0408111133859441,-0.403416160647857
0.0409991120625764,-0.4038242315626
0.0411879767656285,-0.404308078350809
0.0413777114844997,-0.404914885010404
0.0415683202269664,-0.405490753872719
0.0417598070192672,-0.406035263534921
0.0419521759061878,-0.406547993803829
0.0421454309511463,-0.407028525926378
0.0423395762362795,-0.40747644282737
0.0425346158625283,-0.407891329354768
0.0427305539497253,-0.408272772532441
0.0429273946366809,-0.408777399641807
0.0431251420812716,-0.409447099378527
0.043323800460527,-0.410085235193567
0.0435233739707186,-0.410691437925023
0.0437238668274484,-0.411265342297754
0.0439252832657375,-0.411806587223004
0.044127627540116,-0.412314816105865
0.0443309039247128,-0.412789677160706
0.0445351167133458,-0.413230823734394
0.0447402702196125,-0.413637914637548
0.0449463687769814,-0.414010614483615
0.0451534167388831,-0.414348594035844
0.0453614184788029,-0.414651530562092
0.0455703783903724,-0.41491910819737
0.045780300887463,-0.415151018314166
0.0459911904042787,-0.415346959900242
0.04620305139545,-0.415506639943994
0.0464158883361278,-0.415629773827082
0.0466297057220782,-0.415716085724273
0.046844508069777,-0.415771631942766
0.0470602999165058,-0.416086859983331
0.0472770858204471,-0.416367247456447
0.0474948703607811,-0.416612588501983
0.0477136581377822,-0.416822688480698
0.0479334537729163,-0.416997364413155
0.048154261908938,-0.41728730233629
0.0483760872099896,-0.417788913444872
0.0485989343616986,-0.418258128086128
0.0488228080712771,-0.418694846522164
0.0490477130676214,-0.419098983102753
0.0492736541014118,-0.419470466722177
0.0495006359452126,-0.41980924127772
0.0497286633935733,-0.420115266129176
0.0499577412631299,-0.420388516558494
0.0501878743927065,-0.420628984228714
0.0504190676434171,-0.420836677641374
0.0506513258987693,-0.421011622591264
0.0508846540647664,-0.421153862617565
0.0511190570700116,-0.421263459450163
0.0513545398658122,-0.421340493450003
0.0515911074262836,-0.421385064042046
0.051828764748455,-0.421397290139502
0.0520675168523746,-0.421377310557837
0.0523073687812159,-0.421325284416915
0.0525483256013838,-0.42124139152955
0.052790392402622,-0.42143719969266
0.0530335742981203,-0.421635262131561
0.0532778764246231,-0.421805304396117
0.0535233039425368,-0.422342427534962
0.0537698620360402,-0.422894939675103
0.0540175559131928,-0.423424177686684
0.0542663908060455,-0.423930537568527
0.0545163719707511,-0.424414438804548
0.0547675046876749,-0.42487632455026
0.0550197942615066,-0.425316661784199
0.0552732460213723,-0.425735941421073
0.0555278653209469,-0.426134678383558
0.0557836575385676,-0.426513411629296
0.0560406280773467,-0.426872704129574
0.0562987823652866,-0.427213142796049
0.0565581258553942,-0.427535338351459
0.0568186640257956,-0.427839925140311
0.0570804023798525,-0.428127560875258
0.057343346446278,-0.428398926314612
0.0576075017792536,-0.428654724866248
0.0578728739585465,-0.428895682113038
0.0581394685896271,-0.429122545254578
0.0584072913037881,-0.429487090051185
0.0586763477582629,-0.430319857357562
0.0589466436363452,-0.431359043568472
0.0592181846475093,-0.432394757741204
0.0594909765275303,-0.433427906080253
0.0597650250386055,-0.434459412293865
0.0600403359694763,-0.435490216410231
0.0603169151355499,-0.43652127347098
0.0605947683790229,-0.437553552095287
0.060873901569004,-0.438588032907772
0.0611543206016384,-0.439625706823097
0.0614360314002322,-0.440667573180061
0.0617190399153776,-0.441714637717639
0.0620033521250784,-0.442767910385329
0.0622889740348766,-0.443828402979942
0.0625759116779788,-0.444897126600738
0.0628641711153843,-0.445975088914722
0.0631537584360123,-0.447063291223624
0.0634446797568311,-0.448162725324121
0.0637369412229874,-0.449274370152493
0.0640305490079355,-0.450847472466155
0.0643255093135683,-0.452887722580857
0.0646218283703481,-0.454950865639317
0.0649195124374377,-0.457037885050341
0.0652185678028339,-0.459149736198049
0.0655190007834986,-0.461287342027843
0.0658208177254939,-0.463451588382197
0.0661240250041151,-0.465643319078728
0.0664286290240255,-0.467863330723372
0.0667346362193919,-0.470112367251731
0.0670420530540208,-0.47239111419183
0.0673508860214941,-0.474700192641971
0.067661141645307,-0.477040152957846
0.0679728264790055,-0.479411468143384
0.068285947106325,-0.481814526940653
0.068600510141329,-0.484249626614504
0.0689165222285492,-0.486716965428715
0.0692339900431257,-0.489599698233091
0.069552920290948,-0.492633859243075
0.0698733197087966,-0.495860573986154
0.0701951950644856,-0.499413026046014
0.0705185531570049,-0.503006167078286
0.0708434008166649,-0.506639654696964
0.07116974490524,-0.51031300212404
0.0714975923161134,-0.514025569251661
0.0718269499744237,-0.517776553473109
0.0721578248372099,-0.521564980296062
0.0724902238935594,-0.525389693754518
0.0728241541647553,-0.529249346638464
0.0731596227044241,-0.533142390563765
0.0734966365986857,-0.537067065908104
0.0738352029663027,-0.541021391642768
0.0741753289588301,-0.54500315509445
0.0745170217607675,-0.549450971787831
0.07486028858971,-0.553992071499945
0.0752051366965011,-0.558557487621966
0.0755515733653856,-0.563229199084968
0.0758996059141638,-0.568317232534026
0.0762492416943455,-0.573426798910545
0.0766004880913058,-0.578554316654885
0.0769533525244412,-0.583695928509085
0.0773078424473259,-0.588847494884344
0.077663965347869,-0.594004587907988
0.0780217287484736,-0.59916248627122
0.0783811402061951,-0.604316171012696
0.0787422073129007,-0.609460322387468
0.0791049376954302,-0.614589317987923
0.0794693390157564,-0.619724591694896
0.079835418971148,-0.625325465741028
0.0802031852943313,-0.630899622445318
0.0805726457536537,-0.636440617187997
0.0809438081532483,-0.641941741388082
0.081316680333198,-0.647533854325756
0.0816912701697017,-0.653473460593288
0.0820675855752405,-0.659362978509345
0.0824456344987444,-0.665195343829995
0.0828254249257611,-0.670963345080791
0.083206964878624,-0.676659654440797
0.0835902624166216,-0.682276863876179
0.0839753256361683,-0.687807527127424
0.0843621626709747,-0.693244208218805
0.0847507816922202,-0.698677912275385
0.0851411909087249,-0.70445211631476
0.0855333985671235,-0.710121825747292
0.0859274129520391,-0.715680876019341
0.0863232423862586,-0.72112350040204
0.0867208952309079,-0.726444434591605
0.0871203798856294,-0.731901541133136
0.0875217047887585,-0.737594569479878
0.0879248784175024,-0.74317235224082
0.0883299092881192,-0.748633783751723
0.0887368059560974,-0.753979028777944
0.0891455770163368,-0.75920972736212
0.0895562311033304,-0.764329223045538
0.0899687768913462,-0.769425969161509
0.0903832230946107,-0.774934652141496
0.0907995784674931,-0.780370622882919
0.0912178518046901,-0.785747381533476
0.0916380519414115,-0.791081668939684
0.0920601877535671,-0.796393879076891
0.0924842681579541,-0.801708513625045
0.0929103021124453,-0.807451908023273
0.0933382986161786,-0.813617532735893
0.093768266709747,-0.819912830239611
0.0942002154753891,-0.826384624409439
0.0946341540371817,-0.833086751171494
0.0950700915612322,-0.84008081462465
0.0955080372558718,-0.847976818892947
0.095948000371851,-0.856431017181926
0.0963899902025336,-0.865431169666726
0.0968340160840946,-0.875077753878181
0.0972800873957162,-0.885483448068867
0.0977282135597862,-0.896774229427325
0.0981784040420975,-0.909090524965108
0.0986306683520477,-0.92300180210505
0.0990850160428395,-0.938714876142859
0.0995414567116835,-0.955988174270511
0.1,-0.975029168393827
0.100460655593623,-0.996189757838301
0.100923433223006,-1.02010037868775
0.101388342663425,-1.04651705888689
0.101855393735186,-1.07572787437384
0.102324596303834,-1.10804372826023
0.10279596028036,-1.14379873498499
0.10326949562141,-1.18335030570947
0.103745212329497,-1.22707886972838
0.104223120453209,-1.27552464572895
0.104703230087426,-1.32960948255761
0.105185551373528,-1.38910151032673
0.105670094499614,-1.45450942869581
0.106156869700713,-1.52655065901386
0.106645887259005,-1.60531076868041
0.107137157504033,-1.6912553171059
0.107630690812924,-1.78484941092103
0.10812649761061,-1.88655219670574
0.108624588370042,-1.99681084208836
0.109124973612419,-2.11605412240276
0.109627663907405,-2.24468576517346
0.110132669873353,-2.38320615055444
0.110640002177531,-2.53183901857796
0.111149671536347,-2.69056622260797
0.111661688715573,-2.85956309269589
0.112176064530576,-3.03906280898013
0.112692809846542,-3.22918045245271
0.113211935578712,-3.42997365697164
0.113733452692604,-3.64144158333545
0.114257372204254,-3.86352513447009
0.11478370518044,-4.09610840301967
0.115312462738922,-4.33902128869639
0.115843656048673,-4.59171110533877
0.116377296330119,-4.8530952392671
0.116913394855372,-5.12330821693989
0.117451962948468,-5.40242519080386
0.117993011985611,-5.69008951808497
0.118536553395407,-5.9859239323772
0.119082598659111,-6.28953626133535
0.119631159310867,-6.60052491821711
0.120182246937948,-6.91848404891132
0.120735873181011,-7.243008243766
0.121292049734329,-7.57369054754558
0.12185078834605,-7.90690464890242
0.122412100818441,-8.24521387063819
0.122975999008133,-8.58837545286911
0.123542494826378,-8.93605527756846
0.124111600239297,-9.28793611112175
0.124683327268135,-9.64371862548649
0.125257687989512,-10.0031220607805
0.125834694535679,-10.3658845746645
0.126414359094776,-10.7317633237296
0.126996693911089,-11.0988440526686
0.127581711285308,-11.4662844805081
0.128169423574784,-11.835905258702
0.128759843193796,-12.2077761283596
0.129352982613809,-12.5817525978834
0.129948854363738,-12.9577053016112
0.130547471030214,-13.3355192857633
0.131148845257848,-13.7150932809178
0.131752989749501,-14.0963280370936
0.132359917266548,-14.4769471528774
0.132969640629152,-14.8583631157799
0.133582172716531,-15.2394911286147
0.134197526467233,-15.6220109487084
0.134815714879409,-16.0058918752094
0.135436751011084,-16.3911116910549
0.136060647980439,-16.7776561759307
0.136687418966081,-17.1655186563561
0.137317077207327,-17.5534775559037
0.137949636004483,-17.9416965368715
0.138585108719121,-18.3309784712707
0.139223508774364,-18.719196126518
0.139864849655172,-19.1087663410012
0.140509144908622,-19.4997201391547
0.141156408144196,-19.8920936192079
0.14180665303407,-20.2859278019082
0.142459893313401,-20.6803854185295
0.143116142780619,-21.0749711241362
0.143775415297716,-21.4711686485689
0.14443772479054,-21.8682198900988
0.14510308524909,-22.2649108877326
0.14577151072781,-22.6633681080413
0.146443015345887,-23.0636628262675
0.147117613287549,-23.465870766072
0.147795318802363,-23.8688553422602
0.14847614620554,-24.2728109444288
0.149160109878232,-24.6789334188638
0.149847224267841,-25.08731715482
0.15053750388832,-25.4955290041331
0.151230963320483,-25.9055542540371
0.151927617212309,-26.3180996511488
0.152627480279256,-26.7332779441628
0.153330567304569,-27.1490170901748
0.154036893139592,-27.5674885235025
0.154746472704083,-27.9889649675968
0.155459320986529,-28.4135851392972
0.156175453044463,-28.8392690930397
0.156894884004778,-29.2671328955236
0.157617629064055,-29.6985235763688
0.158343703488876,-30.1321787824015
0.159073122616148,-30.5687883424807
0.15980590185343,-31.0094501530394
0.160542056679258,-31.4543629982154
0.161281602643469,-31.9037382930851
0.162024555367532,-32.3547913521023
0.162770930544876,-32.8098517337642
0.163520743941224,-33.2687464959216
0.164274011394923,-33.7318293601927
0.165030748817284,-34.2005093722961
0.165790972192909,-34.675089429587
0.166554697580038,-35.1558952794115
0.167321941110883,-35.6424226717169
0.168092718991969,-36.1323319099264
0.16886704750448,-36.627870648302
0.169644943004596,-37.1301882485626
0.170426421923845,-37.6405670020469
0.17121150076945,-38.1595119559338
0.172000196124671,-38.6875748556674
0.172792524649162,-39.22536023466
0.173588503079322,-39.7690365306099
0.174388148228644,-40.3204603233302
0.175191476988075,-40.8834702091282
0.175998506326372,-41.4589310902049
0.176809253290458,-42.0478008132318
0.177623735005784,-42.6511501110209
0.178441968676691,-43.2701812136274
0.179263971586772,-43.8999374401725
0.180089761099238,-44.5451934714761
0.180919354657285,-45.2101725305545
0.181752769784461,-45.896791793266
0.182590024085038,-46.6072588711656
0.183431135244384,-47.3441329146866
0.184276121029334,-48.109743129371
0.185124999288568,-48.898387674189
0.185977787952986,-49.7221683464091
0.186834505036089,-50.5866855634477
0.187695168634356,-51.4976815115425
0.188559796927631,-52.4621484074142
0.189428408179503,-53.4882598170332
0.190301020737693,-54.5817224864309
0.191177653034444,-55.7491959580239
0.192058323586905,-57.0161956968164
0.192943050997528,-58.4025695481214
0.193831853954455,-59.9320328067021
0.19472475123192,-61.6288508835844
0.195621761690639,-63.5053248662905
0.196522904278212,-65.4989207247691
0.19742819802952,-67.4076550424639
0.198337662067133,-68.6778078847899
0.199251315601707,-68.6816352553857
0.200169177932395,-67.5965677093163
0.20109126844725,-66.1199272147953
0.202017606623641,-64.6849829066833
0.202948212028657,-63.4184061981892
0.203883104319525,-62.3225681966506
0.204822303244026,-61.3793285292126
0.205765828640908,-60.5633019102807
0.206713700440308,-59.8554268350976
0.207665938664172,-59.243097659931
0.208622563426679,-58.713091121504
0.209583594934664,-58.247664792391
0.210549053488048,-57.837073811006
0.211518959480262,-57.4734000648322
0.212493333398681,-57.1526000104497
0.213472195825059,-56.8729720055539
0.214455567435958,-56.6302838682532
0.215443469003188,-56.417529201976
0.216435921394248,-56.2290993181216
0.217432945572761,-56.0654828598222
0.218434562598922,-55.9246677755785
0.21944079362994,-55.808156701153
0.220451659920488,-55.7122513287393
0.221467182823148,-55.6317808633096
0.222487383788862,-55.5673859274844
0.223512284367392,-55.5187313466756
0.224541906207766,-55.485235131173
0.22557627105874,-55.4691599840516
0.22661540076926,-55.4640988191136
0.227659317288915,-55.4707056020488
0.228708042668411,-55.4894674199132
0.22976159906003,-55.5199758572599
0.230820008718098,-55.5635628725427
0.23188329399946,-55.6168453436188
0.232951477363947,-55.6797289370223
0.234024581374852,-55.7529571021042
0.235102628699409,-55.8363684460416
0.236185642109269,-55.9304066767916
0.23727364448098,-56.0330884152454
0.238366658796476,-56.1448752457661
0.239464708143555,-56.2662888679115
0.240567815716372,-56.3973446340181
0.241676004815927,-56.5377884279187
0.242789298850557,-56.6863689348498
0.243907721336431,-56.8445569656008
0.245031295898047,-57.0124966500693
0.246160046268729,-57.1903674829237
0.247293996291132,-57.3765964727053
0.248433169917742,-57.5722478463156
0.249577591211384,-57.7784434098253
0.250727284345729,-57.9953642592207
0.251882273605808,-58.2233888367841
0.253042583388519,-58.4589083199474
0.254208238203147,-58.7069621848185
0.255379262671881,-58.96732858017
0.256555681530334,-59.24050605696
0.257737519628062,-59.5251352824401
0.258924801929095,-59.8207401379116
0.260117553512459,-60.1323281284992
0.261315799572711,-60.4595498009386
0.262519565420464,-60.8033865339441
0.263728876482929,-61.1592011086962
0.264943758304448,-61.5341988673389
0.266164236547033,-61.9303716855787
0.267390336990912,-62.3486409233585
0.268622085535069,-62.7859613758806
0.269859508197794,-63.2472627444468
0.271102631117232,-63.7377831164672
0.272351480551933,-64.2603863836856
0.273606082881412,-64.8140592367839
0.274866464606699,-65.4027509153615
0.276132652350904,-66.0357668928446
0.27740467285978,-66.7204307228477
0.278682553002281,-67.4596099268759
0.279966319771138,-68.2595154863702
0.281256000283425,-69.1389617344394
0.282551621781132,-70.114668000955
0.283853211631741,-71.2024080923356
0.285160797328802,-72.4220990674813
0.286474406492518,-73.8205285143768
0.287794066870325,-75.4469935120587
0.289119806337479,-77.3496755051503
0.290451652897646,-79.5433499848516
0.291789634683491,-81.8620075911537
0.293133779957273,-83.3658779753127
0.294484117111446,-82.7093110329754
0.295840674669252,-80.6079136811967
0.297203481285329,-78.3620615539768
0.298572565746314,-76.3839440078514
0.299947956971449,-74.7105489667501
0.301329684013197,-73.283007794049
0.302717776057851,-72.0430960630944
0.304112262426154,-70.9521083154367
0.305513172573915,-69.9910302292395
0.306920536092633,-69.1278482855126
0.308334382710122,-68.344035514665
0.309754742291141,-67.6282169387335
0.311181644838018,-66.9765433153405
0.312615120491294,-66.3731877820534
0.314055199530349,-65.8117324253178
0.315501912374051,-65.2902108995
0.316955289581391,-64.804366872727
0.318415361852133,-64.3472432455752
0.319882160027461,-63.9157164329695
0.321355715090631,-63.5117760542285
0.322836058167624,-63.1292113595348
0.324323220527806,-62.7655631451511
0.325817233584587,-62.4206559586576
0.327318128896083,-62.0939456441947
0.328825938165787,-61.7818912861213
0.330340693243232,-61.4831585809675
0.331862426124671,-61.199854894254
0.333391168953748,-60.9281351391057
0.33492695402218,-60.6673279279049
0.336469813770436,-60.4178202965995
0.338019780788423,-60.1789567084883
0.339576887816179,-59.9487316655219
0.341141167744556,-59.7271331245651
0.342712653615923,-59.5153792846154
0.344291378624861,-59.3106500721849
0.345877376118859,-59.1128495464375
0.347470679599028,-58.9233848651383
0.349071322720802,-58.7402693543917
0.350679339294651,-58.5628071156289
0.352294763286793,-58.3921812924527
0.353917628819916,-58.2275396528181
0.355547970173894,-58.0676946801808
0.357185821786514,-57.9132693068129
0.358831218254203,-57.7645994282934
0.360484194332758,-57.6200685827096
0.36214478493808,-57.4798309557003
0.363813025146913,-57.3451059830724
0.365488950197583,-57.2139864210282
0.367172595490743,-57.0864097781583
0.368863996590123,-56.9638642086377
0.370563189223279,-56.8445854193208
0.372270209282345,-56.7283664229868
0.373985092824797,-56.6165625928146
0.375707876074212,-56.507812937203
0.377438595421032,-56.4017763514483
0.379177287423332,-56.2995818282989
0.380923988807597,-56.2002538186847
0.382678736469492,-56.1033470371918
0.384441567474647,-56.0099199558838
0.386212519059432,-55.9190017935541
0.387991628631753,-55.830325463523
0.389778933771835,-55.74486157879
0.391574472233021,-55.661561851853
0.393378281942564,-55.5804162666346
0.395190401002431,-55.5021415217207
0.397010867690112,-55.4257751328498
0.398839720459419,-55.3515313550275
0.400676997941307,-55.2797906842326
0.402522738944686,-55.2097604088097
0.404376982457241,-55.1418499120919
0.406239767646255,-55.0760859249687
0.408111133859441,-55.0118678067557
0.409991120625764,-54.9497880848553
0.411879767656285,-54.8895101807369
0.413777114844997,-54.8306418494554
0.415683202269664,-54.7739463928956
0.417598070192672,-54.718720521493
0.419521759061878,-54.6648400937548
0.421454309511463,-54.613081955017
0.423395762362795,-54.5625221860733
0.425346158625283,-54.5134307171933
0.427305539497253,-54.4660855868018
0.429273946366809,-54.4198472318682
0.431251420812716,-54.3752141482434
0.43323800460527,-54.3319631647558
0.435233739707186,-54.2897834559475
0.437238668274483,-54.2492636360803
0.439252832657375,-54.2098200849394
0.44127627540116,-54.1716150578424
0.443309039247128,-54.1347431284695
0.445351167133458,-54.0988483156893
0.447402702196125,-54.064357512335
0.449463687769814,-54.0308957927178
0.451534167388831,-53.9985151664155
0.453614184788029,-53.9673017513859
0.455703783903724,-53.9370342078845
0.45780300887463,-53.907999424701
0.459911904042787,-53.8798374159994
0.4620305139545,-53.8527175783944
0.464158883361278,-53.8266376471131
0.466297057220782,-53.8013459801702
0.46844508069777,-53.7772514028151
0.470602999165058,-53.7538747494441
0.472770858204471,-53.731507233226
0.474948703607811,-53.7100353211121
0.477136581377822,-53.6892746567202
0.479334537729163,-53.6696267148625
0.481542619089381,-53.6505885129764
0.483760872099897,-53.6325287000872
0.485989343616986,-53.6152113218833
0.488228080712771,-53.5986261600836
0.490477130676214,-53.5829591882006
0.492736541014118,-53.5678616004335
0.495006359452126,-53.5537256569432
0.497286633935733,-53.5401689657764
0.499577412631299,-53.5274086487185
0.501878743927065,-53.5153507614325
0.504190676434171,-53.5039584317215
0.506513258987693,-53.493292684272
0.508846540647664,-53.4832298938245
0.511190570700116,-53.4739038128868
0.513545398658122,-53.4651302160312
0.515911074262836,-53.4571297682573
0.518287647484549,-53.4496365735561
0.520675168523746,-53.4428580661137
0.523073687812159,-53.4365926549478
0.525483256013838,-53.4309989784511
0.52790392402622,-53.4259292779563
0.530335742981203,-53.4214755034872
0.532778764246231,-53.417582587854
0.535233039425368,-53.4142136229275
0.537698620360402,-53.4114551432089
0.540175559131928,-53.4091421257003
0.542663908060455,-53.4074777446261
0.545163719707511,-53.4061987228103
0.547675046876749,-53.4055838095258
0.550197942615066,-53.4053271078182
0.552732460213723,-53.4057092322304
0.555278653209469,-53.4064545012037
0.557836575385676,-53.4077923031469
0.560406280773467,-53.4095098999661
0.562987823652866,-53.4117735816719
0.565581258553942,-53.4144306353348
0.568186640257956,-53.4175981429403
0.570804023798525,-53.4211609328872
0.57343346446278,-53.4252190732168
0.576075017792536,-53.429647015429
0.578728739585465,-53.4345703894386
0.581394685896271,-53.4398370333163
0.584072913037881,-53.4456010551791
0.586763477582629,-53.451681233656
0.589466436363452,-53.4582618612147
0.592181846475093,-53.4651441144309
0.594909765275303,-53.4725053681339
0.597650250386055,-53.4801685193087
0.600403359694763,-53.4882857974611
0.603169151355499,-53.4967092405677
0.605947683790229,-53.5055589838304
0.60873901569004,-53.5147227098735
0.611543206016384,-53.5242823062068
0.614360314002322,-53.5341668631013
0.617190399153776,-53.5444146277292
0.620033521250784,-53.5550011183669
0.622889740348766,-53.5659162223142
0.625759116779788,-53.5771862870947
0.628641711153842,-53.5887509770629
0.631537584360123,-53.6006845401649
0.634446797568311,-53.6129069538028
0.637369412229874,-53.6254593462582
0.640305490079356,-53.6383214506508
0.643255093135683,-53.6514754029361
0.646218283703481,-53.6649597495216
0.649195124374377,-53.6786986212016
0.652185678028338,-53.6927883200504
0.655190007834986,-53.707115690227
0.658208177254939,-53.7217747436445
0.661240250041151,-53.7366900324942
0.664286290240255,-53.7518876961578
0.667346362193919,-53.767375703408
0.670420530540208,-53.7830968837252
0.673508860214941,-53.7991428566035
0.67661141645307,-53.8154095850602
0.679728264790056,-53.8319626223916
0.68285947106325,-53.8487611427177
0.68600510141329,-53.8658070796828
0.689165222285492,-53.8831304967547
0.692339900431257,-53.9006836338989
0.69552920290948,-53.9184842484372
0.698733197087966,-53.9365355371621
0.701951950644856,-53.9548008695292
0.705185531570049,-53.9733329227887
0.708434008166649,-53.9920864300086
0.7116974490524,-54.0110532480367
0.714975923161134,-54.0302805708009
0.718269499744237,-54.0497005310599
0.721578248372099,-54.0693599188771
0.724902238935594,-54.0892391276371
0.728241541647553,-54.1093094845507
0.731596227044241,-54.1296287360359
0.734966365986857,-54.1501375780083
0.738352029663027,-54.1708477741323
0.741753289588301,-54.1917887001353
0.745170217607675,-54.2129139505404
0.7486028858971,-54.2342375331478
0.752051366965011,-54.2557730731333
0.755515733653857,-54.277497764667
0.758996059141638,-54.2994062830122
0.762492416943455,-54.3215224086779
0.766004880913059,-54.3438201974618
0.769533525244412,-54.3662913862195
0.773078424473258,-54.3889711247992
0.77663965347869,-54.4118198322719
0.780217287484736,-54.4348328893137
0.783811402061952,-54.4580557875748
0.787422073129007,-54.4814374542271
0.791049376954302,-54.5049823651681
0.794693390157564,-54.5287188601254
0.79835418971148,-54.5526160112151
0.802031852943313,-54.5766749013066
0.805726457536537,-54.6009048925785
0.809438081532482,-54.6253005507792
0.81316680333198,-54.6498551693894
0.816912701697017,-54.674561054743
0.820675855752404,-54.6994381800122
0.824456344987444,-54.7244709692776
0.828254249257611,-54.7496491101066
0.83206964878624,-54.7749780102565
0.835902624166216,-54.8004720861174
0.839753256361683,-54.8261067517621
0.843621626709747,-54.8518799402663
0.847507816922202,-54.8778101937716
0.85141190908725,-54.903886168129
0.855333985671235,-54.9300964473066
0.859274129520391,-54.9564465162703
0.863232423862586,-54.9829413867764
0.867208952309079,-55.0095741344185
0.871203798856294,-55.0363399163973
0.875217047887585,-55.0632385811284
0.879248784175024,-55.0902692863903
0.883299092881192,-55.1174362532347
0.887368059560973,-55.1447345933752
0.891455770163368,-55.1721560637082
0.895562311033304,-55.1996997825994
0.899687768913462,-55.2273787310892
0.903832230946108,-55.2551826244453
0.907995784674931,-55.2831048817887
0.9121785180469,-55.3111446070999
0.916380519414115,-55.3393065256509
0.92060187753567,-55.3675932572676
0.924842681579541,-55.3959950861833
0.929103021124453,-55.4245103221127
0.933382986161786,-55.453142197785
0.93768266709747,-55.4818847513117
0.942002154753891,-55.5107408181665
0.946341540371817,-55.5397104928712
0.950700915612322,-55.5687918615157
0.955080372558718,-55.5979794406637
0.95948000371851,-55.6272723304101
0.963899902025336,-55.6566696270541
0.968340160840946,-55.6861754595441
0.972800873957162,-55.7157890045798
0.977282135597862,-55.7455035560187
0.981784040420975,-55.7753182295174
0.986306683520477,-55.8052328809579
0.990850160428395,-55.8352485383309
0.995414567116835,-55.8653614380023
1,-55.8955706879002
1.00460655593623,-55.925879398141
1.00923433223006,-55.9562835421955
1.01388342663425,-55.9867832471753
1.01855393735186,-56.0173752939561
1.02324596303834,-56.0480588237564
1.0279596028036,-56.0788329801649
1.03269495621411,-56.1096969098924
1.03745212329497,-56.1406513924346
1.04223120453209,-56.1716945186438
1.04703230087426,-56.2028247217723
1.05185551373528,-56.2340433965291
1.05670094499614,-56.2653474446439
1.06156869700713,-56.2967358480916
1.06645887259005,-56.3282084869416
1.07137157504033,-56.3597648721762
1.07630690812924,-56.3914030563806
1.0812649761061,-56.4231222388263
1.08624588370042,-56.4549216231799
1.09124973612419,-56.4868004175261
1.09627663907405,-56.518757834513
1.10132669873353,-56.550793091503
1.10640002177531,-56.5829063255784
1.11149671536347,-56.6150960758729
1.11661688715573,-56.6473612618012
1.12176064530576,-56.6797011275057
1.12692809846542,-56.7121149203001
1.13211935578712,-56.744601892561
1.13733452692604,-56.7771613032278
1.14257372204254,-56.8097924170933
1.1478370518044,-56.8424945052167
1.15312462738922,-56.8752668439674
1.15843656048673,-56.9081087497637
1.16377296330119,-56.9410200381465
1.16913394855372,-56.9739993816457
1.17451962948468,-57.0070460824261
1.17993011985611,-57.0401594495157
1.18536553395407,-57.0733387989873
1.19082598659111,-57.1065834516189
1.19631159310867,-57.1398927349148
1.20182246937949,-57.1732659822616
1.2073587318101,-57.2067025330925
1.21292049734329,-57.240201733449
1.2185078834605,-57.27376293505
1.22412100818441,-57.3073854963811
1.22975999008133,-57.3410687819929
1.23542494826378,-57.3748126088186
1.24111600239297,-57.4086168482446
1.24683327268135,-57.4424799705407
1.25257687989512,-57.4764013632067
1.25834694535679,-57.5103804188766
1.26414359094776,-57.544416537173
1.26996693911089,-57.5785091229362
1.27581711285308,-57.612657588011
1.28169423574784,-57.6468613500196
1.28759843193796,-57.6811198806148
1.29352982613809,-57.7154343051548
1.29948854363738,-57.7498023232346
1.30547471030214,-57.7842233752776
1.31148845257849,-57.8186969078191
1.31752989749501,-57.8532223732167
1.32359917266548,-57.8877992299083
1.32969640629152,-57.9224275718676
1.33582172716531,-57.9571076041627
1.34197526467233,-57.9918375663176
1.34815714879409,-58.0266170507679
1.35436751011084,-58.0614453091148
1.36060647980438,-58.0963218326011
1.36687418966081,-58.131247836447
1.37317077207327,-58.1662214936094
1.37949636004483,-58.2012419110813
1.38585108719121,-58.2363086020342
1.39223508774364,-58.2714211891477
1.39864849655172,-58.3065811775598
1.40509144908622,-58.3417861661642
1.41156408144196,-58.3770358640836
1.4180665303407,-58.4123294681667
1.42459893313401,-58.4476683008865
1.43116142780619,-58.4830505705561
1.43775415297716,-58.5184753755187
1.4443772479054,-58.5539422769649
1.4510308524909,-58.5894531392853
1.4577151072781,-58.6250057432168
1.46443015345887,-58.6605991306221
1.47117613287549,-58.696233691296
1.47795318802363,-58.7319096313727
1.4847614620554,-58.7676250844983
1.49160109878232,-58.8033801689911
1.49847224267841,-58.839176295866
1.5053750388832,-58.875010706856
1.51230963320483,-58.9108830196153
1.51927617212309,-58.9467948368652
1.52627480279256,-58.9827445210003
1.53330567304569,-59.0187310331568
1.54036893139592,-59.0547559376445
1.54746472704083,-59.0908169137593
1.55459320986529,-59.126914187003
1.56175453044463,-59.163048737215
1.56894884004779,-59.1992181945163
1.57617629064055,-59.2354231203324
1.58343703488876,-59.271663649325
1.59073122616148,-59.3079383881964
1.5980590185343,-59.3442481291456
1.60542056679258,-59.3805913557568
1.61281602643469,-59.4169688364533
1.62024555367532,-59.4533796101524
1.62770930544876,-59.4898233153674
1.63520743941224,-59.5262995693882
1.64274011394923,-59.5628091039137
1.65030748817283,-59.5993487727778
1.65790972192909,-59.6359218535741
1.66554697580038,-59.6725234897616
1.67321941110883,-59.709156175471
1.68092718991969,-59.7458193001728
1.6886704750448,-59.7825115781093
1.69644943004596,-59.8192662441314
1.70426421923845,-59.8560335472035
1.7121150076945,-59.8928114956376
1.72000196124671,-59.9296282589584
1.72792524649162,-59.966469549962
1.73588503079322,-60.003344425721
1.74388148228644,-60.0402469812528
1.75191476988075,-60.0771787281651
1.75998506326372,-60.1141388335067
1.76809253290458,-60.1511262632528
1.77623735005784,-60.1881422761003
1.78441968676691,-60.2251841813971
1.79263971586772,-60.2622547703686
1.80089761099238,-60.29935099717
1.80919354657285,-60.3364740984565
1.81752769784461,-60.373623709222
1.82590024085038,-60.4107980157681
1.83431135244384,-60.4480000038347
1.84276121029334,-60.4852245968731
1.85124999288568,-60.5224774048467
1.85977787952986,-60.5597502358245
1.86834505036089,-60.5970536897684
1.87695168634356,-60.6343807350967
1.88559796927631,-60.6717343315119
1.89428408179503,-60.7091146345927
1.90301020737694,-60.7465074233516
1.91177653034444,-60.7839312486662
1.92058323586905,-60.8213731328887
1.92943050997528,-60.8588430821625
1.93831853954455,-60.896333511675
1.9472475123192,-60.9338477100516
1.95621761690639,-60.9713840432908
1.96522904278212,-61.0089429792325
1.9742819802952,-61.0465239057077
1.98337662067133,-61.0841261923481
1.99251315601708,-61.1217510138827
2.00169177932395,-61.1593968642772
2.0109126844725,-61.197063973901
2.02017606623641,-61.2347520071544
2.02948212028656,-61.272460904697
2.03883104319525,-61.3101908218733
2.04822303244026,-61.3479409065394
2.05765828640908,-61.3857110965183
2.06713700440308,-61.4235014620138
2.07665938664172,-61.4613117602059
2.08622563426679,-61.4991417585766
2.09583594934664,-61.5369913283735
2.10549053488048,-61.5760058009604
2.11518959480262,-61.6158982771038
2.12493333398681,-61.6557941295148
2.13472195825059,-61.6956930576256
2.14455567435958,-61.7355950328147
2.15443469003188,-61.775500180479
2.16435921394248,-61.8154083758293
2.17432945572761,-61.8553195063886
2.18434562598921,-61.8952335411254
2.1944079362994,-61.9351506079958
2.20451659920488,-61.9750705291522
2.21467182823147,-62.0149932433753
2.22487383788862,-62.054918718678
2.23512284367392,-62.0948469942552
2.24541906207766,-62.1347780341215
2.2557627105874,-62.1747117258796
2.2661540076926,-62.2146480376721
2.27659317288915,-62.2545869374714
2.28708042668411,-62.2945284142369
2.2976159906003,-62.3344724941349
2.30820008718099,-62.3750236710196
2.3188329399946,-62.4157486641407
2.32951477363947,-62.45647060242
2.34024581374852,-62.4971894953693
2.35102628699409,-62.5379053525095
2.36185642109269,-62.5786181833693
2.3727364448098,-62.6193279974856
2.38366658796476,-62.6600348044026
2.39464708143555,-62.7007386136715
2.40567815716372,-62.7414394348501
2.41676004815927,-62.7821372775024
2.42789298850557,-62.8228321511985
2.43907721336431,-62.8635240655137
2.45031295898047,-62.9042130300285
2.46160046268729,-62.9448990543281
2.47293996291132,-62.9855821480021
2.48433169917742,-63.0262623206441
2.49577591211384,-63.0669395818515
2.50727284345729,-63.1076139412247
2.51882273605808,-63.1482854083674
2.53042583388519,-63.1889539928857
2.54208238203147,-63.2296197043883
2.55379262671881,-63.2702825524858
2.56555681530334,-63.3109425467902
2.57737519628061,-63.3515996969154
2.58924801929094,-63.3922540124759
2.60117553512459,-63.4329055030872
2.6131579957271,-63.4735541783653
2.62519565420464,-63.5142000479263
2.63728876482929,-63.5548431213862
2.64943758304447,-63.5954834083607
2.66164236547033,-63.6361209184648
2.67390336990912,-63.6767556613125
2.68622085535069,-63.7173876465168
2.69859508197794,-63.7580168836892
2.71102631117232,-63.7986433824393
2.72351480551934,-63.8392671523751
2.73606082881412,-63.8798882031021
2.74866464606699,-63.9205065442236
2.76132652350905,-63.9611221853401
2.77404672859779,-64.0017351360493
2.78682553002281,-64.0423454059457
2.79966319771138,-64.0829530046204
2.81256000283425,-64.1235579416612
2.82551621781132,-64.1641602266519
2.83853211631741,-64.2047598691723
2.85160797328802,-64.2453568787983
2.86474406492518,-64.2859512651011
2.87794066870325,-64.3265430376476
2.8911980633748,-64.3671322059997
2.90451652897646,-64.4077187797146
2.91789634683491,-64.4483027683442
2.93133779957274,-64.4888841814351
2.94484117111446,-64.5294630285286
2.95840674669252,-64.5700393191602
2.9720348128533,-64.6106130628596
2.98572565746314,-64.6511842691506
2.99947956971449,-64.6917529475509
3.01329684013197,-64.7323191075719
3.02717776057851,-64.7728827587186
3.04112262426154,-64.8134439104893
3.05513172573915,-64.8540025723759
3.06920536092633,-64.8945587538632
3.08334382710122,-64.9351124644291
3.09754742291141,-64.9756637135444
3.11181644838019,-65.0162125106729
3.12615120491294,-65.0567588652707
3.1405519953035,-65.0973027867867
3.15501912374051,-65.1378442846621
3.16955289581391,-65.1783833683307
3.18415361852133,-65.2189200472181
3.19882160027461,-65.2594543307423
3.2135571509063,-65.2999862283134
3.22836058167624,-65.3405157493332
3.24323220527806,-65.3810429031954
3.25817233584587,-65.4215676992856
3.27318128896083,-65.4620901469811
3.28825938165787,-65.5026102556504
3.30340693243232,-65.5431280346541
3.31862426124671,-65.5836434933437
3.33391168953748,-65.6241566410626
3.3492695402218,-65.6646674871451
3.36469813770436,-65.705176040917
3.38019780788423,-65.7456823116951
3.39576887816179,-65.7861863087877
3.41141167744556,-65.8266880414938
3.42712653615924,-65.8671875191036
3.44291378624861,-65.9076847508984
3.45877376118859,-65.9481797461504
3.47470679599028,-65.9886725141228
3.49071322720802,-66.0291630640694
3.50679339294651,-66.0696514052353
3.52294763286793,-66.1101375468561
3.53917628819916,-66.1506214981584
3.55547970173894,-66.1911032683595
3.57185821786514,-66.2315828666676
3.58831218254203,-66.2720603022815
3.60484194332759,-66.3125355843909
3.6214478493808,-66.3530087221762
3.63813025146913,-66.3934797248086
3.65488950197583,-66.4339486014498
3.67172595490743,-66.4744153612527
3.68863996590123,-66.5148800133605
3.70563189223279,-66.5553425669074
3.72270209282345,-66.5958030310184
3.73985092824797,-66.6362614148092
3.75707876074212,-66.6767177273864
3.77438595421032,-66.7171719778474
3.79177287423332,-66.7576241752804
3.80923988807597,-66.7980743287646
3.82678736469493,-66.83852244737
3.84441567474646,-66.8789685401577
3.86212519059432,-66.9194126161797
3.87991628631753,-66.9598546844791
3.89778933771835,-67.0002947540899
3.91574472233021,-67.0407328340377
3.93378281942564,-67.0811689333386
3.95190401002431,-67.1216030610006
3.97010867690112,-67.1620352260225
3.98839720459419,-67.2024654373948
4.00676997941308,-67.2428937040992
4.02522738944686,-67.2833200351091
4.04376982457241,-67.3237444393891
4.06239767646256,-67.3641669258959
4.0811113385944,-67.4045875035775
4.09991120625764,-67.4450061813739
4.11879767656286,-67.485422968217
4.13777114844997,-67.5258378730306
4.15683202269664,-67.5662509047304
4.17598070192672,-67.6066620722244
4.19521759061877,-67.647071384413
4.21454309511463,-67.6874788501886
4.23395762362795,-67.7278844784362
4.25346158625284,-67.7682882780334
4.27305539497253,-67.8086902578503
4.2927394636681,-67.84909042675
4.31251420812716,-67.8894887935882
4.3323800460527,-67.9298853672139
4.35233739707186,-67.9702801564689
4.37238668274484,-68.0106731701885
4.39252832657374,-68.0510644172013
4.4127627540116,-68.0914539063295
4.43309039247128,-68.1318416463886
4.45351167133458,-68.1722276461884
4.47402702196125,-68.2126119145323
4.49463687769814,-68.2529944602177
4.51534167388832,-68.2933752920366
4.53614184788029,-68.3337544187749
4.55703783903724,-68.3741318492135
4.5780300887463,-68.4145075921277
4.59911904042787,-68.4548816562876
4.620305139545,-68.4952540504586
4.64158883361278,-68.5356247834011
4.66297057220781,-68.5759938638709
4.6844508069777,-68.6163613006194
4.70602999165058,-68.6567271023936
4.72770858204471,-68.6970912779366
4.74948703607811,-68.7374538359874
4.77136581377822,-68.7778147852814
4.79334537729163,-68.8181741345506
4.8154261908938,-68.8585318925234
4.83760872099896,-68.8988880679254
4.85989343616986,-68.9392426694791
4.88228080712771,-68.9795957059044
4.90477130676214,-69.0199471859187
4.92736541014118,-69.0602971182371
4.95006359452125,-69.1006455115728
4.97286633935733,-69.1409923746371
4.995774126313,-69.1813377161397
5.01878743927064,-69.2216815447891
5.04190676434171,-69.2620238692926
5.06513258987693,-69.3023646983567
5.08846540647663,-69.3427040406872
5.11190570700116,-69.3830419049897
5.13545398658122,-69.4233782999697
5.15911074262836,-69.4637132343326
5.1828764748455,-69.5040467167845
5.20675168523746,-69.5443787560323
5.23073687812159,-69.5847093607836
5.25483256013837,-69.6250385397474
5.2790392402622,-69.6653663016342
5.30335742981204,-69.7056926551564
5.3277876424623,-69.7460176090284
5.35233039425368,-69.7863411719673
5.37698620360402,-69.8266633526925
5.40175559131927,-69.8669841599269
5.42663908060455,-69.9073036023963
5.45163719707511,-69.9476216888305
5.47675046876749,-69.9879384279632
5.50197942615066,-70.0282538285322
5.52732460213723,-70.0685678992804
5.5527865320947,-70.1088806489553
5.57836575385675,-70.1491920863098
5.60406280773467,-70.1895022201027
5.62987823652867,-70.2298110590985
5.65581258553941,-70.2701186120685
5.68186640257956,-70.3104248877903
5.70804023798525,-70.3507298950491
5.7343346446278,-70.3910336426373
5.76075017792536,-70.4313361393554
5.78728739585465,-70.471637394012
5.81394685896271,-70.5119374154246
5.84072913037881,-70.5522362124195
5.86763477582629,-70.5925337938329
5.89466436363453,-70.6328301685106
5.92181846475093,-70.6731253453088
5.94909765275303,-70.7134193330945
5.97650250386056,-70.7537121407459
6.00403359694762,-70.7940037771529
6.03169151355499,-70.8342942512174
6.05947683790229,-70.874583571854
6.08739015690039,-70.9148717479899
6.11543206016384,-70.9551587885664
6.14360314002322,-70.9954447025382
6.17190399153775,-71.0357294988749
6.20033521250784,-71.0760131865606
6.22889740348766,-71.1162957745951
6.25759116779789,-71.1565772719943
6.28641711153842,-71.1968576877901
6.31537584360123,-71.2371370310318
6.34446797568312,-71.277415310786
6.37369412229874,-71.3176925361376
6.40305490079356,-71.3579687161898
6.43255093135684,-71.3982438600651
6.4621828370348,-71.4385179769059
6.49195124374377,-71.4787910758746
6.52185678028339,-71.5190631661549
6.55190007834986,-71.5593342569516
6.58208177254939,-71.5996043574919
6.61240250041151,-71.6398734770256
6.64286290240255,-71.6801416248257
6.67346362193919,-71.7204088101894
6.70420530540208,-71.7606750424385
6.73508860214941,-71.80094033092
6.76611416453069,-71.8412046850068
6.79728264790055,-71.8814681140986
6.8285947106325,-71.9217306276221
6.86005101413289,-71.9619922350323
6.89165222285492,-72.0022529458128
6.92339900431257,-72.0425127694766
6.95529202909479,-72.082771715567
6.98733197087966,-72.123029793658
7.01951950644856,-72.1632870133556
7.0518553157005,-72.203543384298
7.08434008166649,-72.2437989161566
7.116974490524,-72.2840536186371
7.14975923161135,-72.3243075014796
7.18269499744236,-72.3645605744604
7.21578248372099,-72.4048128473919
7.24902238935595,-72.445064330124
7.28241541647552,-72.4853150325447
7.31596227044241,-72.5255649645814
7.34966365986858,-72.5658141362013
7.38352029663026,-72.6060625574123
7.41753289588301,-72.6463102382645
7.45170217607675,-72.6865571888506
7.48602885897099,-72.7268034193071
7.52051366965011,-72.7670489398151
7.55515733653857,-72.8072937606016
7.58996059141638,-72.8475378919401
7.62492416943454,-72.887781344152
7.66004880913059,-72.9280241276075
7.69533525244413,-72.9682662527265
7.73078424473258,-73.0085077299801
7.7663965347869,-73.0487485698911
7.80217287484737,-73.0889887830358
7.83811402061951,-73.1292283800446
7.87422073129007,-73.1694673716035
7.91049376954302,-73.209705768455
7.94693390157563,-73.2499435813995
7.9835418971148,-73.2901808212967
8.02031852943313,-73.3304174990663
8.05726457536538,-73.3706536256898
8.09438081532482,-73.4108892122117
8.1316680333198,-73.4511242697404
8.16912701697018,-73.4913588094502
8.20675855752403,-73.5315928425821
8.24456344987444,-73.5718263804456
8.28254249257612,-73.6120594344198
8.32069648786239,-73.652292015955
8.35902624166216,-73.6925241365742
8.39753256361683,-73.7327558078746
8.43621626709746,-73.7729870415292
8.47507816922202,-73.8132178492879
8.51411909087249,-73.8534482429798
8.55333985671236,-73.8936782345143
8.59274129520391,-73.9339078358828
8.63232423862586,-73.9741370591608
8.6720895230908,-74.014365916509
8.71203798856293,-74.0545944201754
8.75217047887585,-74.0948225824973
8.79248784175025,-74.1350504159025
8.83299092881191,-74.1752779329117
8.87368059560974,-74.2155051461401
8.91455770163369,-74.2557320682994
8.95562311033303,-74.2959587121999
8.99687768913462,-74.3361850907524
9.03832230946107,-74.3764112169699
9.0799578467493,-74.4166371039704
9.121785180469,-74.4568627649784
9.16380519414115,-74.4970882133274
9.20601877535671,-74.5373134624621
9.2484268157954,-74.5775385259403
9.29103021124453,-74.6177634174357
9.33382986161787,-74.6579881507401
9.37682667097469,-74.6982127397655
9.42002154753891,-74.738437198547
9.46341540371818,-74.778661541245
9.50700915612321,-74.8188857821478
9.55080372558718,-74.8591099356744
9.5948000371851,-74.8993340163768
9.63899902025335,-74.9395580389433
9.68340160840946,-74.9797820182004
9.72800873957162,-75.0200059691166
9.77282135597863,-75.0602299068047
9.81784040420975,-75.1004538465248
9.86306683520477,-75.1406778036876
9.90850160428396,-75.1809017938572
9.95414567116834,-75.2211258327546
10,-75.2613499362599
