"Freq [GHz]","dB(S(Port6,Port5)) []"
0.0001,-1.924067535727e-06
0.000100460655593623,-1.94183490295043e-06
0.000100923433223006,-1.95976633899373e-06
0.000101388342663425,-1.97786335881671e-06
0.000101855393735186,-1.99612748798679e-06
0.000102324596303834,-2.01456027714398e-06
0.00010279596028036,-2.03316327017796e-06
0.00010326949562141,-2.05193805437323e-06
0.000103745212329497,-2.070886207371e-06
0.000104223120453209,-2.09000932899207e-06
0.000104703230087426,-2.10930903834379e-06
0.000105185551373528,-2.12878696514117e-06
0.000105670094499614,-2.14844475838578e-06
0.000106156869700713,-2.16828407286518e-06
0.000106645887259005,-2.18830658651083e-06
0.000107137157504033,-2.20851399268347e-06
0.000107630690812924,-2.22890800017309e-06
0.00010812649761061,-2.24949033030598e-06
0.000108624588370042,-2.2702627198377e-06
0.000109124973612419,-2.29122692673905e-06
0.000109627663907405,-2.31238471958846e-06
0.000110132669873353,-2.33373789010826e-06
0.000110640002177531,-2.35528823677111e-06
0.000111149671536347,-2.37703758505086e-06
0.000111661688715573,-2.39898777295767e-06
0.000112176064530576,-2.42114064718068e-06
0.000112692809846542,-2.44349809105351e-06
0.000113211935578712,-2.46606198790981e-06
0.000113733452692604,-2.48883424133416e-06
0.000114257372204254,-2.51181677612638e-06
0.00011478370518044,-2.5350115373372e-06
0.000115312462738922,-2.55842048833963e-06
0.000115843656048673,-2.582045596364e-06
0.000116377296330119,-2.60588886142786e-06
0.000116913394855372,-2.62995230572831e-06
0.000117451962948468,-2.6542379514625e-06
0.000117993011985611,-2.6787478555434e-06
0.000118536553395407,-2.70348408838463e-06
0.000119082598659111,-2.72844874161506e-06
0.000119631159310867,-2.75364392036419e-06
0.000120182246937949,-2.77907175676272e-06
0.00012073587318101,-2.804734399335e-06
0.000121292049734329,-2.83063401010598e-06
0.00012185078834605,-2.85677278774515e-06
0.000122412100818441,-2.88315293381498e-06
0.000122975999008133,-2.90977667784353e-06
0.000123542494826378,-2.93664627153844e-06
0.000124111600239297,-2.96376398010798e-06
0.000124683327268135,-2.99113209672598e-06
0.000125257687989512,-3.01875293771018e-06
0.000125834694535679,-3.04662883191465e-06
0.000126414359094776,-3.07476213808766e-06
0.000126996693911089,-3.10315523233543e-06
0.000127581711285308,-3.13181051005081e-06
0.000128169423574784,-3.16073039362786e-06
0.000128759843193796,-3.1899173324619e-06
0.000129352982613809,-3.21937378366291e-06
0.000129948854363738,-3.24910224387838e-06
0.000130547471030214,-3.27910521747048e-06
0.000131148845257848,-3.30938524062426e-06
0.000131752989749501,-3.33994487941898e-06
0.000132359917266548,-3.37078670668428e-06
0.000132969640629152,-3.40191332996566e-06
0.000133582172716531,-3.43332738091687e-06
0.000134197526467233,-3.46503151722859e-06
0.000134815714879409,-3.49702841202082e-06
0.000135436751011084,-3.52932076541478e-06
0.000136060647980439,-3.56191131417626e-06
0.000136687418966081,-3.59480280857167e-06
0.000137317077207327,-3.62799802683302e-06
0.000137949636004483,-3.66149976937195e-06
0.000138585108719121,-3.69531087806625e-06
0.000139223508774364,-3.72943419768679e-06
0.000139864849655172,-3.76387261543492e-06
0.000140509144908622,-3.79862904358463e-06
0.000141156408144196,-3.8337064165895e-06
0.00014180665303407,-3.86910769494006e-06
0.000142459893313401,-3.90483587384273e-06
0.000143116142780619,-3.94089397068355e-06
0.000143775415297716,-3.97728503177851e-06
0.00014443772479054,-4.01401213044483e-06
0.00014510308524909,-4.05107836892969e-06
0.00014577151072781,-4.08848688323183e-06
0.000146443015345887,-4.12624082960096e-06
0.000147117613287549,-4.16434339900271e-06
0.000147795318802363,-4.20279781133263e-06
0.00014847614620554,-4.2416073144519e-06
0.000149160109878232,-4.28077518804459e-06
0.000149847224267841,-4.32030474361773e-06
0.00015053750388832,-4.36019931292933e-06
0.000151230963320483,-4.40046227788255e-06
0.000151927617212309,-4.44109702905961e-06
0.000152627480279256,-4.48210700236628e-06
0.000153330567304569,-4.52349566842423e-06
0.000154036893139592,-4.56526651907047e-06
0.000154746472704083,-4.60742308471523e-06
0.000155459320986529,-4.64996892469872e-06
0.000156175453044463,-4.69290764079169e-06
0.000156894884004779,-4.73624284922993e-06
0.000157617629064055,-4.77997821928742e-06
0.000158343703488876,-4.82411744338212e-06
0.000159073122616147,-4.86866425154091e-06
0.00015980590185343,-4.91362240657797e-06
0.000160542056679258,-4.95899570698775e-06
0.000161281602643469,-5.00478798598063e-06
0.000162024555367532,-5.05100311341163e-06
0.000162770930544876,-5.0976449938517e-06
0.000163520743941224,-5.14471756658773e-06
0.000164274011394923,-5.19222480465828e-06
0.000165030748817284,-5.24017072738978e-06
0.000165790972192909,-5.28855938593164e-06
0.000166554697580038,-5.33739486518494e-06
0.000167321941110883,-5.38668129248131e-06
0.00016809271899197,-5.43642282890406e-06
0.00016886704750448,-5.48662367893142e-06
0.000169644943004596,-5.53728808850788e-06
0.000170426421923846,-5.58842033057933e-06
0.00017121150076945,-5.64002473112985e-06
0.000172000196124671,-5.69210564121622e-06
0.000172792524649162,-5.74466746782646e-06
0.000173588503079322,-5.79771464880726e-06
0.000174388148228644,-5.85125166540028e-06
0.000175191476988075,-5.90528304802808e-06
0.000175998506326372,-5.95981335122164e-06
0.000176809253290458,-6.0148471864075e-06
0.000177623735005784,-6.07038920358552e-06
0.000178441968676691,-6.1264440913289e-06
0.000179263971586772,-6.18301659317775e-06
0.000180089761099238,-6.24011148063793e-06
0.000180919354657285,-6.29773357921787e-06
0.000181752769784461,-6.35588776071399e-06
0.000182590024085038,-6.41457893163875e-06
0.000183431135244384,-6.47381205636453e-06
0.000184276121029334,-6.53359213397978e-06
0.000185124999288568,-6.59392422239718e-06
0.000185977787952986,-6.65481341038818e-06
0.000186834505036089,-6.71626484458416e-06
0.000187695168634356,-6.77828371790451e-06
0.000188559796927631,-6.84087526859232e-06
0.000189428408179503,-6.90404478600032e-06
0.000190301020737693,-6.96779760480495e-06
0.000191177653034444,-7.03213911464962e-06
0.000192058323586905,-7.09707474567982e-06
0.000192943050997527,-7.16260998686534e-06
0.000193831853954455,-7.22875037539267e-06
0.00019472475123192,-7.29550149762935e-06
0.000195621761690639,-7.36286899201692e-06
0.000196522904278212,-7.43085855099964e-06
0.00019742819802952,-7.49947591813147e-06
0.000198337662067133,-7.56872689000473e-06
0.000199251315601707,-7.63861731914312e-06
0.000200169177932395,-7.70915310532275e-06
0.00020109126844725,-7.78034021003709e-06
0.000202017606623641,-7.85218464878232e-06
0.000202948212028657,-7.92469248720006e-06
0.000203883104319525,-7.99786985457793e-06
0.000204822303244026,-8.07172293131334e-06
0.000205765828640908,-8.14625795952106e-06
0.000206713700440308,-8.22148122856835e-06
0.000207665938664172,-8.29739910111179e-06
0.000208622563426679,-8.37401798513178e-06
0.000209583594934664,-8.4513443522548e-06
0.000210549053488048,-8.52938474257504e-06
0.000211518959480262,-8.60814574247488e-06
0.000212493333398681,-8.68763400391144e-06
0.000213472195825059,-8.76785624923823e-06
0.000214455567435958,-8.84881924998996e-06
0.000215443469003188,-8.93052984713343e-06
0.000216435921394248,-9.01299494624589e-06
0.000217432945572761,-9.09622150980043e-06
0.000218434562598922,-9.18021656970226e-06
0.00021944079362994,-9.26498722150273e-06
0.000220451659920488,-9.3505406282567e-06
0.000221467182823148,-9.43688401570084e-06
0.000222487383788862,-9.524024679004e-06
0.000223512284367392,-9.61196997794555e-06
0.000224541906207766,-9.70072733980837e-06
0.000225576271058741,-9.7903042709508e-06
0.00022661540076926,-9.8807083298055e-06
0.000227659317288915,-9.97194715870223e-06
0.000228708042668411,-1.00640284616884e-05
0.00022976159906003,-1.01569600161008e-05
0.000230820008718098,-1.02507496793163e-05
0.00023188329399946,-1.03454053685005e-05
0.000232951477363947,-1.04409350808592e-05
0.000234024581374852,-1.05373468878518e-05
0.000235102628699409,-1.06346489361561e-05
0.000236185642109269,-1.07328494360963e-05
0.00023727364448098,-1.08319566925012e-05
0.000238366658796476,-1.09319790767392e-05
0.000239464708143555,-1.10329250334683e-05
0.000240567815716372,-1.11348030931723e-05
0.000241676004815927,-1.1237621859625e-05
0.000242789298850557,-1.13413900243544e-05
0.000243907721336431,-1.14461163444638e-05
0.000245031295898047,-1.15518096715616e-05
0.000246160046268729,-1.16584789363316e-05
0.000247293996291132,-1.17661331398546e-05
0.000248433169917742,-1.18747813902526e-05
0.000249577591211384,-1.19844328554368e-05
0.000250727284345729,-1.2095096799752e-05
0.000251882273605808,-1.22067825724048e-05
0.000253042583388519,-1.23194996074637e-05
0.000254208238203147,-1.24332574238588e-05
0.000255379262671881,-1.25480656379185e-05
0.000256555681530334,-1.26639339411895e-05
0.000257737519628062,-1.27808721255098e-05
0.000258924801929094,-1.28988900666148e-05
0.000260117553512459,-1.30179977328166e-05
0.00026131579957271,-1.31382051840392e-05
0.000262519565420464,-1.32595225804981e-05
0.000263728876482929,-1.33819601643775e-05
0.000264943758304448,-1.35055282829747e-05
0.000266164236547033,-1.36302373713418e-05
0.000267390336990912,-1.37560979609648e-05
0.000268622085535069,-1.38831206894071e-05
0.000269859508197794,-1.40113162800585e-05
0.000271102631117232,-1.41406955681718e-05
0.000272351480551933,-1.42712694757909e-05
0.000273606082881412,-1.44030490329654e-05
0.000274866464606699,-1.45360453787155e-05
0.000276132652350904,-1.46702697398163e-05
0.000277404672859779,-1.48057334549065e-05
0.000278682553002281,-1.49424479715951e-05
0.000279966319771138,-1.5080424830068e-05
0.000281256000283425,-1.52196756891249e-05
0.000282551621781132,-1.53602123126786e-05
0.000283853211631741,-1.55020465707194e-05
0.000285160797328802,-1.56451904422083e-05
0.000286474406492518,-1.57896560131482e-05
0.000287794066870325,-1.59354554968348e-05
0.000289119806337479,-1.60826012049268e-05
0.000290451652897646,-1.62311055590179e-05
0.000291789634683491,-1.63809811137809e-05
0.000293133779957273,-1.65322405193583e-05
0.000294484117111446,-1.66848965560792e-05
0.000295840674669252,-1.68389621199931e-05
0.00029720348128533,-1.69944502180496e-05
0.000298572565746314,-1.71513739941343e-05
0.000299947956971449,-1.73097466924248e-05
0.000301329684013197,-1.74695816940353e-05
0.000302717776057851,-1.76308924977297e-05
0.000304112262426154,-1.77936927314939e-05
0.000305513172573915,-1.79579961486785e-05
0.000306920536092633,-1.8123816617391e-05
0.000308334382710122,-1.82911681465329e-05
0.000309754742291141,-1.84600648809779e-05
0.000311181644838018,-1.86305210716782e-05
0.000312615120491294,-1.88025511229161e-05
0.00031405519953035,-1.89761695701248e-05
0.000315501912374051,-1.91513910673519e-05
0.000316955289581391,-1.93282304181184e-05
0.000318415361852133,-1.95067025609535e-05
0.000319882160027461,-1.96868225693946e-05
0.00032135571509063,-1.98686056519874e-05
0.000322836058167624,-2.00520671667511e-05
0.000324323220527806,-2.02372226038202e-05
0.000325817233584587,-2.04240876076243e-05
0.000327318128896083,-2.06126779576015e-05
0.000328825938165787,-2.08030095836279e-05
0.000330340693243232,-2.09950985583025e-05
0.000331862426124671,-2.11889611085198e-05
0.000333391168953748,-2.13846136048621e-05
0.00033492695402218,-2.15820725722066e-05
0.000336469813770436,-2.17813546868335e-05
0.000338019780788423,-2.19824767802823e-05
0.000339576887816179,-2.21854558412812e-05
0.000341141167744556,-2.23903090080323e-05
0.000342712653615924,-2.25970535846054e-05
0.00034429137862486,-2.2805707033223e-05
0.000345877376118859,-2.30162869732966e-05
0.000347470679599028,-2.32288111910696e-05
0.000349071322720802,-2.34432976357604e-05
0.000350679339294651,-2.36597644166691e-05
0.000352294763286793,-2.38782298195715e-05
0.000353917628819916,-2.40987122970756e-05
0.000355547970173894,-2.43212304638003e-05
0.000357185821786514,-2.45458031166261e-05
0.000358831218254203,-2.47724492192661e-05
0.000360484194332758,-2.50011879157665e-05
0.00036214478493808,-2.52320385198994e-05
0.000363813025146913,-2.54650205334845e-05
0.000365488950197583,-2.57001536213174e-05
0.000367172595490743,-2.59374576487778e-05
0.000368863996590123,-2.61769526529001e-05
0.000370563189223279,-2.64186588616601e-05
0.000372270209282345,-2.66625966872245e-05
0.000373985092824797,-2.69087867259511e-05
0.000375707876074212,-2.71572497757469e-05
0.000377438595421032,-2.74080068129243e-05
0.000379177287423332,-2.76610790134162e-05
0.000380923988807597,-2.79164877508477e-05
0.000382678736469493,-2.81742545955715e-05
0.000384441567474646,-2.84344013088825e-05
0.000386212519059432,-2.869694986809e-05
0.000387991628631753,-2.8961922439517e-05
0.000389778933771835,-2.92293413948935e-05
0.000391574472233021,-2.94992293248573e-05
0.000393378281942563,-2.97716090177391e-05
0.000395190401002431,-3.00465034692057e-05
0.000397010867690112,-3.03239358957605e-05
0.000398839720459419,-3.06039297260651e-05
0.000400676997941307,-3.08865086028679e-05
0.000402522738944686,-3.11716963897541e-05
0.000404376982457241,-3.14595171643963e-05
0.000406239767646255,-3.17499952339831e-05
0.000408111133859441,-3.20431551255763e-05
0.000409991120625764,-3.23390215957545e-05
0.000411879767656285,-3.26376196248267e-05
0.000413777114844997,-3.2938974428405e-05
0.000415683202269664,-3.3243111451618e-05
0.000417598070192672,-3.35500563748978e-05
0.000419521759061878,-3.38598351178366e-05
0.000421454309511463,-3.41724738382232e-05
0.000423395762362795,-3.44879989320425e-05
0.000425346158625283,-3.48064370440839e-05
0.000427305539497253,-3.51278150563688e-05
0.000429273946366809,-3.54521601112952e-05
0.000431251420812716,-3.57794995933154e-05
0.00043323800460527,-3.61098611376151e-05
0.000435233739707186,-3.64432726387924e-05
0.000437238668274484,-3.6779762253751e-05
0.000439252832657374,-3.71193583891644e-05
0.00044127627540116,-3.74620897149761e-05
0.000443309039247128,-3.78079851759721e-05
0.000445351167133458,-3.81570739734588e-05
0.000447402702196125,-3.85093855787636e-05
0.000449463687769814,-3.88649497380567e-05
0.000451534167388831,-3.92237964752445e-05
0.000453614184788029,-3.95859560823262e-05
0.000455703783903724,-3.9951459144467e-05
0.00045780300887463,-4.03203365091389e-05
0.000459911904042787,-4.06926193266239e-05
0.0004620305139545,-4.10683390297619e-05
0.000464158883361278,-4.14475273339522e-05
0.000466297057220781,-4.18302162525822e-05
0.00046844508069777,-4.22164380979918e-05
0.000470602999165058,-4.26062254718311e-05
0.000472770858204471,-4.29996112843463e-05
0.000474948703607811,-4.33966287457017e-05
0.000477136581377822,-4.37973113746583e-05
0.000479334537729163,-4.42016929995387e-05
0.000481542619089381,-4.46098077514768e-05
0.000483760872099896,-4.50216900875622e-05
0.000485989343616986,-4.54373747840898e-05
0.000488228080712771,-4.58568969220954e-05
0.000490477130676214,-4.62802919259288e-05
0.000492736541014118,-4.67075955314316e-05
0.000495006359452126,-4.71388438158311e-05
0.000497286633935733,-4.75740731784546e-05
0.0004995774126313,-4.80133203658017e-05
0.000501878743927065,-4.84566224503296e-05
0.000504190676434171,-4.89040168574545e-05
0.000506513258987693,-4.93555413491583e-05
0.000508846540647664,-4.98112340461683e-05
0.000511190570700116,-5.02711334067427e-05
0.000513545398658122,-5.07352782584931e-05
0.000515911074262836,-5.12037077771701e-05
0.00051828764748455,-5.1676461503057e-05
0.000520675168523746,-5.21535793400055e-05
0.000523073687812159,-5.26351015641157e-05
0.000525483256013838,-5.3121068813128e-05
0.00052790392402622,-5.36115221105321e-05
0.000530335742981204,-5.41065028511022e-05
0.000532778764246231,-5.46060528211485e-05
0.000535233039425368,-5.51102141715161e-05
0.000537698620360402,-5.56190294706235e-05
0.000540175559131928,-5.61325416514249e-05
0.000542663908060455,-5.6650794059627e-05
0.000545163719707511,-5.71738304363314e-05
0.000547675046876749,-5.77016949267141e-05
0.000550197942615066,-5.82344320829185e-05
0.000552732460213723,-5.87720868621277e-05
0.00055527865320947,-5.93147046448866e-05
0.000557836575385675,-5.98623312293167e-05
0.000560406280773467,-6.04150128234017e-05
0.000562987823652866,-6.09727960835611e-05
0.000565581258553942,-6.1535728074149e-05
0.000568186640257956,-6.21038563079561e-05
0.000570804023798525,-6.26772287240305e-05
0.00057343346446278,-6.32558937137156e-05
0.000576075017792536,-6.38399001129351e-05
0.000578728739585464,-6.44292972041231e-05
0.000581394685896271,-6.50241347210452e-05
0.000584072913037881,-6.5624462867122e-05
0.000586763477582629,-6.62303323028932e-05
0.000589466436363453,-6.68417941450532e-05
0.000592181846475093,-6.74589000002041e-05
0.000594909765275303,-6.80817019397827e-05
0.000597650250386055,-6.87102525145267e-05
0.000600403359694763,-6.93446047660469e-05
0.000603169151355499,-6.99848122229704e-05
0.000605947683790229,-7.06309289009411e-05
0.00060873901569004,-7.12830093199784e-05
0.000611543206016384,-7.19411085015849e-05
0.000614360314002322,-7.26052819745326e-05
0.000617190399153776,-7.3275585775828e-05
0.000620033521250784,-7.39520764642136e-05
0.000622889740348766,-7.46348111163108e-05
0.000625759116779788,-7.5323847333371e-05
0.000628641711153843,-7.60192432509197e-05
0.000631537584360123,-7.67210575464716e-05
0.000634446797568311,-7.74293494221735e-05
0.000637369412229874,-7.81441786375921e-05
0.000640305490079356,-7.88656055020001e-05
0.000643255093135684,-7.95936908753411e-05
0.00064621828370348,-8.0328496186553e-05
0.000649195124374377,-8.10700834191034e-05
0.000652185678028338,-8.1818515138956e-05
0.000655190007834986,-8.25738544820352e-05
0.00065820817725494,-8.33361651706205e-05
0.000661240250041151,-8.41055115104541e-05
0.000664286290240255,-8.48819583955637e-05
0.000667346362193919,-8.56655713314068e-05
0.000670420530540208,-8.64564164175142e-05
0.000673508860214941,-8.72545603619552e-05
0.00067661141645307,-8.80600704880892e-05
0.000679728264790055,-8.88730147403523e-05
0.00068285947106325,-8.96934616948662e-05
0.00068600510141329,-9.0521480548831e-05
0.000689165222285492,-9.13571411484923e-05
0.000692339900431257,-9.22005139708194e-05
0.00069552920290948,-9.30516701495433e-05
0.000698733197087966,-9.3910681480944e-05
0.000701951950644856,-9.47776204026357e-05
0.00070518553157005,-9.56525600427493e-05
0.00070843400816665,-9.65355741832882e-05
0.000711697449052399,-9.74267373006321e-05
0.000714975923161134,-9.83261245491436e-05
0.000718269499744236,-9.92338117746706e-05
0.000721578248372099,-0.000100149875522262
0.000724902238935594,-0.00010107439305449
0.000728241541647552,-0.000102007442328309
0.000731596227044241,-0.00010294910202688
0.000734966365986858,-0.000103899451551854
0.000738352029663027,-0.000104858571050379
0.000741753289588301,-0.000105826541388095
0.000745170217607675,-0.000106803444192536
0.0007486028858971,-0.000107789361833839
0.000752051366965011,-0.000108784377445965
0.000755515733653857,-0.000109788574919947
0.000758996059141638,-0.000110802038926071
0.000762492416943455,-0.000111824854911954
0.000766004880913059,-0.000112857109117002
0.000769533525244413,-0.000113898888569526
0.000773078424473258,-0.000114950281102168
0.00077663965347869,-0.000116011375345153
0.000780217287484737,-0.000117082260761974
0.000783811402061951,-0.000118163027631067
0.000787422073129008,-0.000119253767060281
0.000791049376954301,-0.000120354571000377
0.000794693390157564,-0.000121465532245998
0.00079835418971148,-0.000122586744445308
0.000802031852943313,-0.000123718302114467
0.000805726457536537,-0.000124860300630875
0.000809438081532483,-0.000126012836258251
0.00081316680333198,-0.000127176006136022
0.000816912701697017,-0.000128349908310192
0.000820675855752404,-0.000129534641723692
0.000824456344987444,-0.000130730306221207
0.000828254249257611,-0.000131937002584862
0.00083206964878624,-0.000133154832507214
0.000835902624166216,-0.000134383898625014
0.000839753256361682,-0.00013562430451824
0.000843621626709747,-0.000136876154719746
0.000847507816922202,-0.00013813955472876
0.000851411909087249,-0.000139414611003176
0.000855333985671235,-0.000140701430991375
0.000859274129520392,-0.000142000123130304
0.000863232423862586,-0.000143310796851261
0.000867208952309079,-0.000144633562583751
0.000871203798856294,-0.000145968531793107
0.000875217047887585,-0.000147315816951554
0.000879248784175024,-0.000148675531578714
0.000883299092881192,-0.000150047790231008
0.000887368059560973,-0.000151432708519008
0.000891455770163368,-0.000152830403121909
0.000895562311033304,-0.000154240991786569
0.000899687768913462,-0.000155664593349685
0.000903832230946107,-0.00015710132773009
0.000907995784674931,-0.000158551315961533
0.000912178518046901,-0.000160014680182084
0.000916380519414115,-0.000161491543653417
0.000920601877535671,-0.000162982030780102
0.00092484268157954,-0.000164486267102858
0.000929103021124453,-0.000166004379314947
0.000933382986161787,-0.000167536495279542
0.00093768266709747,-0.000169082744035506
0.000942002154753891,-0.000170643255797406
0.000946341540371817,-0.000172218161997937
0.000950700915612322,-0.000173807595262863
0.000955080372558719,-0.000175411689435118
0.000959480003718509,-0.000177030579596035
0.000963899902025336,-0.000178664402071127
0.000968340160840946,-0.000180313294427203
0.000972800873957162,-0.000181977395504195
0.000977282135597862,-0.000183656845418049
0.000981784040420976,-0.000185351785568452
0.000986306683520476,-0.000187062358658115
0.000990850160428395,-0.000188788708699532
0.000995414567116834,-0.000190530981032339
0.001,-0.000192289322321394
0.00100460655593623,-0.000194063880591492
0.00100923433223006,-0.00019585480522062
0.00101388342663425,-0.000197662246959254
0.00101855393735186,-0.000199486357947711
0.00102324596303834,-0.000201327291720987
0.0010279596028036,-0.000203185203220323
0.0010326949562141,-0.000205060248817326
0.00103745212329497,-0.000206952586319753
0.00104223120453209,-0.000208862374979239
0.00104703230087426,-0.000210789775514437
0.00105185551373528,-0.000212734950114886
0.00105670094499614,-0.000214698062468018
0.00106156869700713,-0.00021667927775723
0.00106645887259005,-0.000218678762686002
0.00107137157504033,-0.000220696685491402
0.00107630690812924,-0.000222733215948911
0.0010812649761061,-0.000224788525397505
0.00108624588370042,-0.000226862786745445
0.00109124973612419,-0.000228956174491498
0.00109627663907405,-0.000231068864741336
0.00110132669873353,-0.00023320103519983
0.00110640002177531,-0.000235352865222165
0.00111149671536347,-0.000237524535806127
0.00111661688715573,-0.000239716229599834
0.00112176064530576,-0.000241928130933555
0.00112692809846542,-0.000244160425835153
0.00113211935578712,-0.000246413302032018
0.00113733452692604,-0.000248686948975183
0.00114257372204254,-0.00025098155786151
0.0011478370518044,-0.000253297321630805
0.00115312462738922,-0.000255634435001505
0.00115843656048673,-0.000257993094468758
0.00116377296330119,-0.000260373498343002
0.00116913394855372,-0.000262775846745153
0.00117451962948468,-0.000265200341635543
0.00117993011985611,-0.000267647186821641
0.00118536553395407,-0.000270116587986991
0.00119082598659111,-0.000272608752692189
0.00119631159310867,-0.00027512389041153
0.00120182246937949,-0.000277662212533022
0.0012073587318101,-0.000280223932386359
0.00121292049734329,-0.000282809265254497
0.0012185078834605,-0.000285418428391996
0.00122412100818441,-0.000288051641053947
0.00122975999008133,-0.000290709124494065
0.00123542494826378,-0.000293391102001333
0.00124111600239297,-0.000296097798908698
0.00124683327268135,-0.000298829442612364
0.00125257687989512,-0.00030158626259591
0.00125834694535679,-0.000304368490442843
0.00126414359094776,-0.00030717635985878
0.00126996693911089,-0.000310010106693642
0.00127581711285308,-0.000312869968953241
0.00128169423574784,-0.000315756186825321
0.00128759843193796,-0.000318669002695967
0.00129352982613809,-0.000321608661178549
0.00129948854363738,-0.000324575409115657
0.00130547471030214,-0.000327569495619619
0.00131148845257848,-0.000330591172078298
0.00131752989749501,-0.000333640692182108
0.00132359917266548,-0.000336718311949095
0.00132969640629152,-0.000339824289732668
0.00133582172716531,-0.000342958886258258
0.00134197526467233,-0.000346122364632006
0.00134815714879409,-0.000349314990367784
0.00135436751011084,-0.000352537031420954
0.00136060647980439,-0.000355788758182602
0.00136687418966081,-0.00035907044353066
0.00137317077207327,-0.000362382362829919
0.00137949636004483,-0.000365724793969657
0.00138585108719121,-0.000369098017381009
0.00139223508774364,-0.000372502316058199
0.00139864849655172,-0.000375937975589415
0.00140509144908622,-0.000379405284163576
0.00141156408144196,-0.000382904532616635
0.0014180665303407,-0.000386436014434489
0.00142459893313401,-0.000390000025789642
0.00143116142780619,-0.000393596865569189
0.00143775415297716,-0.000397226835378687
0.0014443772479054,-0.000400890239584609
0.0014510308524909,-0.00040458738534618
0.0014577151072781,-0.000408318582618294
0.00146443015345887,-0.000412084144189139
0.00147117613287549,-0.00041588438571011
0.00147795318802363,-0.000419719625702584
0.0014847614620554,-0.000423590185618687
0.00149160109878232,-0.000427496389829745
0.00149847224267841,-0.000431438565680312
0.0015053750388832,-0.000435417043488183
0.00151230963320483,-0.000439432156606139
0.00151927617212309,-0.000443484241420041
0.00152627480279256,-0.000447573637392241
0.00153330567304569,-0.000451700687073186
0.00154036893139592,-0.000455865736146757
0.00154746472704083,-0.000460069133460193
0.00155459320986529,-0.000464311231029897
0.00156175453044463,-0.000468592384081965
0.00156894884004779,-0.000472912951102357
0.00157617629064055,-0.000477273293827276
0.00158343703488876,-0.000481673777302023
0.00159073122616147,-0.000486114769900307
0.0015980590185343,-0.000490596643353202
0.00160542056679258,-0.000495119772781
0.00161281602643469,-0.000499684536721201
0.00162024555367532,-0.000504291317171942
0.00162770930544876,-0.00050894049959684
0.00163520743941224,-0.000513632472989641
0.00164274011394923,-0.000518367629874242
0.00165030748817284,-0.000523146366362588
0.00165790972192909,-0.000527969082161449
0.00166554697580038,-0.000532836180631278
0.00167321941110883,-0.000537748068799747
0.0016809271899197,-0.000542705157401311
0.0016886704750448,-0.000547707860915822
0.00169644943004596,-0.000552756597585917
0.00170426421923845,-0.0005578517894672
0.0017121150076945,-0.000562993862459133
0.00172000196124671,-0.000568183246334009
0.00172792524649162,-0.000573420374773627
0.00173588503079322,-0.00057870568540694
0.00174388148228644,-0.000584039619842883
0.00175191476988075,-0.000589422623703197
0.00175998506326372,-0.000594855146675508
0.00176809253290458,-0.000600337642514331
0.00177623735005784,-0.000605870569120186
0.00178441968676691,-0.00061145438854157
0.00179263971586772,-0.000617089567038646
0.00180089761099238,-0.000622776575096784
0.00180919354657285,-0.000628515887478682
0.00181752769784461,-0.000634307983267805
0.00182590024085038,-0.000640153345885789
0.00183431135244384,-0.000646052463159991
0.00184276121029334,-0.000652005827335108
0.00185124999288568,-0.000658013935125301
0.00185977787952986,-0.000664077287765351
0.00186834505036089,-0.000670196391022285
0.00187695168634356,-0.000676371755266784
0.00188559796927631,-0.000682603895492525
0.00189428408179503,-0.000688893331364448
0.00190301020737693,-0.000695240587262206
0.00191177653034444,-0.000701646192326508
0.00192058323586905,-0.000708110680481356
0.00192943050997527,-0.000714634590509317
0.00193831853954455,-0.000721218466058333
0.0019472475123192,-0.000727862855715071
0.00195621761690639,-0.000734568313029086
0.00196522904278212,-0.000741335396568821
0.0019742819802952,-0.000748164669955415
0.00198337662067133,-0.000755056701928346
0.00199251315601707,-0.000762012066354169
0.00200169177932395,-0.0007690313423182
0.0020109126844725,-0.000776115114122648
0.00202017606623641,-0.000783263971379265
0.00202948212028657,-0.000790478509019054
0.00203883104319525,-0.000797759327355024
0.00204822303244026,-0.000805107032132407
0.00205765828640908,-0.000812522234577913
0.00206713700440308,-0.000820005551435485
0.00207665938664172,-0.000827557605021338
0.00208622563426679,-0.000835179023288654
0.00209583594934664,-0.000842870439851765
0.00210549053488048,-0.000850632494045055
0.00211518959480261,-0.000858465830984765
0.00212493333398681,-0.000866371101609575
0.00213472195825059,-0.000874348962734691
0.00214455567435958,-0.000882400077099185
0.00215443469003188,-0.000890525113417192
0.00216435921394248,-0.000898724746454181
0.00217432945572761,-0.000906999657033798
0.00218434562598922,-0.000915350532140178
0.0021944079362994,-0.000923778064944075
0.00220451659920488,-0.000932282954860818
0.00221467182823147,-0.000940865907602485
0.00222487383788862,-0.000949527635250326
0.00223512284367392,-0.000958268856290546
0.00224541906207766,-0.000967090295684804
0.00225576271058741,-0.000975992684909854
0.0022661540076926,-0.000984976762041554
0.00227659317288915,-0.000994043271778112
0.00228708042668411,-0.00100319296553278
0.0022976159906003,-0.00101242660146386
0.00230820008718099,-0.00102174494455099
0.0023188329399946,-0.00103114876665026
0.00232951477363947,-0.00104063884655696
0.00234024581374852,-0.00105021597006073
0.00235102628699409,-0.00105988092999867
0.00236185642109269,-0.00106963452633939
0.0023727364448098,-0.00107947756623231
0.00238366658796476,-0.00108941086405507
0.00239464708143555,-0.00109943524151871
0.00240567815716372,-0.00110955152767078
0.00241676004815927,-0.00111976055901981
0.00242789298850557,-0.00113006317956441
0.00243907721336431,-0.00114046024086189
0.00245031295898047,-0.00115095260210746
0.00246160046268729,-0.00116154113017778
0.00247293996291132,-0.00117222669972754
0.00248433169917742,-0.00118301019323109
0.00249577591211384,-0.00119389250106359
0.00250727284345729,-0.00120487452156289
0.00251882273605808,-0.0012159571611001
0.00253042583388519,-0.00122714133415108
0.00254208238203147,-0.00123842796336802
0.00255379262671881,-0.00124981797963935
0.00256555681530334,-0.00126131232217962
0.00257737519628062,-0.00127291193857598
0.00258924801929094,-0.00128461778488089
0.00260117553512459,-0.00129643082568179
0.0026131579957271,-0.00130835203416103
0.00262519565420464,-0.00132038239219156
0.00263728876482929,-0.00133252289038822
0.00264943758304448,-0.00134477452819761
0.00266164236547033,-0.00135713831396679
0.00267390336990912,-0.00136961526503311
0.00268622085535069,-0.00138220640777657
0.00269859508197794,-0.00139491277772121
0.00271102631117232,-0.00140773541959226
0.00272351480551933,-0.00142067538741859
0.00273606082881412,-0.0014337337445869
0.00274866464606699,-0.0014469115639384
0.00276132652350905,-0.00146020992784619
0.00277404672859779,-0.00147362992829359
0.00278682553002281,-0.00148717266694963
0.00279966319771138,-0.00150083925526955
0.00281256000283425,-0.00151463081455002
0.00282551621781132,-0.00152854847605381
0.00283853211631741,-0.00154259338104186
0.00285160797328802,-0.00155676668090371
0.00286474406492518,-0.00157106953722143
0.00287794066870325,-0.0015855031218461
0.00289119806337479,-0.00160006861701758
0.00290451652897646,-0.00161476721542082
0.00291789634683491,-0.00162960012027963
0.00293133779957273,-0.001644568545464
0.00294484117111446,-0.00165967371555408
0.00295840674669252,-0.00167491686594944
0.00297203481285329,-0.0016902992429523
0.00298572565746314,-0.00170582210384883
0.00299947956971449,-0.00172148671703006
0.00301329684013197,-0.00173729436204712
0.00302717776057851,-0.00175324632973983
0.00304112262426154,-0.0017693439222988
0.00305513172573915,-0.00178558845339203
0.00306920536092633,-0.00180198124822798
0.00308334382710122,-0.00181852364367937
0.00309754742291141,-0.00183521698836449
0.00311181644838018,-0.00185206264274694
0.00312615120491294,-0.00186906197924592
0.0031405519953035,-0.00188621638231085
0.00315501912374051,-0.0019035272485452
0.00316955289581391,-0.0019209959867937
0.00318415361852133,-0.00193862401824007
0.00319882160027461,-0.00195641277652802
0.00321355715090631,-0.0019743637078446
0.00322836058167624,-0.00199247827102472
0.00324323220527806,-0.00201075793766637
0.00325817233584587,-0.0020292041922275
0.00327318128896083,-0.00204781853213925
0.00328825938165786,-0.00206660246788936
0.00330340693243232,-0.00208555752316342
0.00331862426124671,-0.00210468523491957
0.00333391168953748,-0.00212398715352692
0.0033492695402218,-0.00214346484284118
0.00336469813770436,-0.00216311988035373
0.00338019780788423,-0.00218295385725668
0.00339576887816179,-0.00220296837859965
0.00341141167744556,-0.0022231650633693
0.00342712653615924,-0.00224354554460947
0.0034429137862486,-0.0022641114695529
0.00345877376118859,-0.00228486449971524
0.00347470679599028,-0.00230580631100656
0.00349071322720802,-0.00232693859386882
0.00350679339294651,-0.00234826305336905
0.00352294763286793,-0.00236978140933395
0.00353917628819916,-0.00239149539646525
0.00355547970173894,-0.00241340676444349
0.00357185821786514,-0.00243551727806849
0.00358831218254204,-0.00245782871736507
0.00360484194332758,-0.00248034287771
0.0036214478493808,-0.00250306156995225
0.00363813025146913,-0.00252598662053804
0.00365488950197583,-0.0025491198716282
0.00367172595490743,-0.0025724631812271
0.00368863996590123,-0.00259601842331353
0.00370563189223278,-0.00261978748794556
0.00372270209282345,-0.00264377228141267
0.00373985092824797,-0.00266797472634734
0.00375707876074212,-0.00269239676185023
0.00377438595421032,-0.00271704034363463
0.00379177287423332,-0.00274190744413809
0.00380923988807597,-0.00276700005266883
0.00382678736469493,-0.00279232017551938
0.00384441567474646,-0.00281786983611395
0.00386212519059432,-0.00284365107513272
0.00387991628631753,-0.00286966595064377
0.00389778933771836,-0.00289591653824381
0.00391574472233021,-0.00292240493118921
0.00393378281942563,-0.00294913324052517
0.00395190401002431,-0.00297610359523024
0.00397010867690112,-0.00300331814235712
0.00398839720459419,-0.0030307790471541
0.00400676997941307,-0.00305848849322416
0.00402522738944686,-0.00308644868264552
0.00404376982457241,-0.00311466183611725
0.00406239767646255,-0.00314313019310779
0.0040811113385944,-0.00317185601199391
0.00409991120625764,-0.00320084157018994
0.00411879767656285,-0.00323008916430123
0.00413777114844997,-0.00325960111027558
0.00415683202269664,-0.00328937974353073
0.00417598070192672,-0.00331942741910583
0.00419521759061878,-0.00334974651180721
0.00421454309511463,-0.00338033941636869
0.00423395762362795,-0.00341120854756357
0.00425346158625283,-0.00344235634039387
0.00427305539497253,-0.00347378525020435
0.00429273946366809,-0.00350549775286023
0.00431251420812716,-0.003537496344866
0.0043323800460527,-0.00356978354354997
0.00435233739707186,-0.00360236188719185
0.00437238668274484,-0.00363523393516867
0.00439252832657375,-0.00366840226813551
0.0044127627540116,-0.00370186948815701
0.00443309039247128,-0.00373563821886107
0.00445351167133458,-0.00376971110560615
0.00447402702196125,-0.00380409081562249
0.00449463687769814,-0.00383878003816973
0.00451534167388831,-0.00387378148470236
0.00453614184788029,-0.00390909788901968
0.00455703783903724,-0.00394473200741871
0.0045780300887463,-0.00398068661886446
0.00459911904042787,-0.00401696452513233
0.004620305139545,-0.00405356855098128
0.00464158883361278,-0.0040905015442982
0.00466297057220781,-0.00412776637627602
0.0046844508069777,-0.00416536594155614
0.00470602999165058,-0.00420330315840852
0.00472770858204471,-0.0042415809688723
0.00474948703607811,-0.00428020233892818
0.00477136581377822,-0.00431917025866031
0.00479334537729163,-0.00435848774242779
0.00481542619089381,-0.00439815782900731
0.00483760872099896,-0.00443818358176858
0.00485989343616986,-0.00447856808884019
0.00488228080712771,-0.00451931446327733
0.00490477130676214,-0.00456042584320846
0.00492736541014118,-0.00460190539201954
0.00495006359452126,-0.00464375629851224
0.00497286633935733,-0.00468598177706319
0.004995774126313,-0.00472858506780063
0.00501878743927065,-0.00477156943676755
0.00504190676434171,-0.00481493817608198
0.00506513258987693,-0.0048586946041041
0.00508846540647664,-0.00490284206561684
0.00511190570700116,-0.00494738393198052
0.00513545398658121,-0.00499232360129329
0.00515911074262836,-0.00503766449857666
0.0051828764748455,-0.00508341007592543
0.00520675168523746,-0.00512956381269619
0.00523073687812159,-0.00517612921564479
0.00525483256013838,-0.00522310981913132
0.0052790392402622,-0.00527050918524797
0.00530335742981204,-0.00531833090401739
0.00532778764246231,-0.00536657859354569
0.00535233039425368,-0.00541525590019577
0.00537698620360402,-0.00546436649874914
0.00540175559131928,-0.00551391409257544
0.00542663908060455,-0.00556390241380398
0.00545163719707511,-0.00561433522348085
0.00547675046876749,-0.00566521631175016
0.00550197942615066,-0.0057165494980006
0.00552732460213723,-0.00576833863105165
0.00555278653209469,-0.00582058758930795
0.00557836575385675,-0.0058733002809224
0.00560406280773467,-0.0059264806439757
0.00562987823652866,-0.00598013264661933
0.00565581258553942,-0.00603426028726003
0.00568186640257956,-0.00608886759470666
0.00570804023798525,-0.00614395862835385
0.0057343346446278,-0.00619953747831643
0.00576075017792536,-0.00625560826561894
0.00578728739585464,-0.00631217514233215
0.00581394685896271,-0.00636924229176357
0.00584072913037881,-0.00642681392857574
0.00586763477582629,-0.00648489429899044
0.00589466436363452,-0.00654348768090606
0.00592181846475093,-0.00660259838408836
0.00594909765275303,-0.00666223075029868
0.00597650250386055,-0.00672238915346641
0.00600403359694762,-0.00678307799984142
0.00603169151355499,-0.00684430172814064
0.00605947683790229,-0.00690606480969576
0.0060873901569004,-0.00696837174861921
0.00611543206016384,-0.00703122708193847
0.00614360314002322,-0.00709463537975837
0.00617190399153776,-0.00715860124538966
0.00620033521250784,-0.00722312931550275
0.00622889740348766,-0.00728822426028252
0.00625759116779788,-0.00735389078354354
0.00628641711153843,-0.00742013362289563
0.00631537584360123,-0.00748695754986885
0.00634446797568312,-0.00755436737005701
0.00637369412229874,-0.00762236792324956
0.00640305490079356,-0.00769096408355301
0.00643255093135684,-0.00776016075954709
0.00646218283703481,-0.0078299628943899
0.00649195124374377,-0.00790037546595878
0.00652185678028338,-0.00797140348696136
0.00655190007834986,-0.00804305200507275
0.0065820817725494,-0.00811532610305252
0.00661240250041151,-0.00818823089885012
0.00664286290240255,-0.00826177154572594
0.0066734636219392,-0.0083359532323646
0.00670420530540208,-0.00841078118299318
0.00673508860214941,-0.0084862606574687
0.0067661141645307,-0.00856239695139453
0.00679728264790055,-0.00863919539622152
0.0068285947106325,-0.00871666135933466
0.00686005101413289,-0.00879480024415918
0.00689165222285492,-0.00887361749024741
0.00692339900431257,-0.00895311857336954
0.0069552920290948,-0.00903330900557366
0.00698733197087967,-0.00911419433531428
0.00701951950644855,-0.00919578014749036
0.00705185531570049,-0.00927807206352095
0.0070843400816665,-0.00936107574143445
0.007116974490524,-0.00944479687591069
0.00714975923161134,-0.00952924119836652
0.00718269499744236,-0.00961441447698836
0.00721578248372099,-0.00970032251679579
0.00724902238935595,-0.00978697115968873
0.00728241541647552,-0.00987436628449289
0.00731596227044241,-0.00996251380698877
0.00734966365986858,-0.0100514196799611
0.00738352029663027,-0.0101410898932041
0.00741753289588301,-0.0102315304735708
0.00745170217607675,-0.0103227474849621
0.007486028858971,-0.0104147470283689
0.00752051366965011,-0.0105075352418599
0.00755515733653856,-0.0106011183005819
0.00758996059141637,-0.0106955024167668
0.00762492416943454,-0.0107906938397135
0.00766004880913059,-0.010886698855768
0.00769533525244413,-0.0109835237883053
0.00773078424473258,-0.0110811749976901
0.00776639653478689,-0.0111796588812657
0.00780217287484737,-0.0112789818732731
0.00783811402061952,-0.0113791504448345
0.00787422073129007,-0.0114801711038662
0.00791049376954301,-0.0115820503950354
0.00794693390157564,-0.011684794899684
0.0079835418971148,-0.0117884112357375
0.00802031852943313,-0.0118929060576273
0.00805726457536537,-0.0119982860561859
0.00809438081532483,-0.0121045579585507
0.0081316680333198,-0.0122117285280491
0.00816912701697017,-0.0123198045640708
0.00820675855752404,-0.0124287929019368
0.00824456344987444,-0.0125387004127729
0.00828254249257612,-0.0126495340033442
0.0083206964878624,-0.0127613006159043
0.00835902624166216,-0.0128740072280224
0.00839753256361682,-0.0129876608524165
0.00843621626709747,-0.0131022685367499
0.00847507816922202,-0.013217837363434
0.00851411909087249,-0.0133343744494322
0.00855333985671235,-0.0134518869460265
0.00859274129520392,-0.0135703820385816
0.00863232423862586,-0.0136898669463172
0.00867208952309079,-0.0138103489220439
0.00871203798856294,-0.0139318352518961
0.00875217047887585,-0.0140543332550499
0.00879248784175024,-0.0141778502834408
0.00883299092881192,-0.0143023937214582
0.00887368059560973,-0.0144279709856106
0.00891455770163368,-0.0145545895242239
0.00895562311033304,-0.0146822568170769
0.00899687768913462,-0.0148109803750478
0.00903832230946107,-0.0149407677397427
0.00907995784674931,-0.0150716264831107
0.00912178518046901,-0.0152035642070544
0.00916380519414115,-0.0153365885429819
0.0092060187753567,-0.0154707071514088
0.0092484268157954,-0.0156059277214919
0.00929103021124453,-0.0157422579705742
0.00933382986161787,-0.0158797056437007
0.00937682667097469,-0.0160182785131307
0.00942002154753891,-0.0161579843778041
0.00946341540371817,-0.0162988310628387
0.00950700915612322,-0.0164408264189598
0.00955080372558718,-0.0165839783219476
0.00959480003718509,-0.0167282946720496
0.00963899902025336,-0.0168737833933626
0.00968340160840946,-0.0170204524332317
0.00972800873957161,-0.0171683097615993
0.00977282135597862,-0.0173173633703342
0.00981784040420976,-0.0174676212725676
0.00986306683520477,-0.017619091501971
0.00990850160428395,-0.0177717821120432
0.00995414567116834,-0.0179257011753586
0.01,-0.0180808567828028
0.0100460655593623,-0.018237257042788
0.0100923433223006,-0.0183949100804228
0.0101388342663425,-0.0185538240366908
0.0101855393735186,-0.0187140070675886
0.0102324596303834,-0.0188754673432275
0.010279596028036,-0.0190382130469547
0.010326949562141,-0.0192022523743797
0.0103745212329497,-0.0193675935324578
0.0104223120453209,-0.0195342447384615
0.0104703230087426,-0.0197022142190012
0.0105185551373528,-0.0198715102089702
0.0105670094499614,-0.0200421409504767
0.0106156869700713,-0.0202141146917703
0.0106645887259005,-0.0203874396860848
0.0107137157504033,-0.0205621241905131
0.0107630690812924,-0.020738176464817
0.010812649761061,-0.0209156047702087
0.0108624588370042,-0.0210944173681225
0.0109124973612419,-0.0212746225189242
0.0109627663907405,-0.0214562284806122
0.0110132669873353,-0.0216392435074897
0.0110640002177531,-0.0218236758487841
0.0111149671536347,-0.0220095337472276
0.0111661688715573,-0.0221968254376538
0.0112176064530576,-0.0223855591454949
0.0112692809846542,-0.0225757430852847
0.0113211935578712,-0.0227673854591087
0.0113733452692604,-0.0229604944550341
0.0114257372204254,-0.02315507824548
0.011478370518044,-0.0233511449855611
0.0115312462738922,-0.0235487028114081
0.0115843656048673,-0.0237477598384051
0.0116377296330119,-0.0239483241594573
0.0116913394855372,-0.0241504038431278
0.0117451962948468,-0.0243540069318327
0.0117993011985611,-0.0245591414399018
0.0118536553395407,-0.024765815351667
0.0119082598659111,-0.0249740366194646
0.0119631159310867,-0.0251838131616115
0.0120182246937949,-0.0253951528603414
0.012073587318101,-0.0256080635596781
0.0121292049734329,-0.0258225530632742
0.012185078834605,-0.0260386291322067
0.0122412100818441,-0.0262562994827122
0.0122975999008133,-0.0264755717838836
0.0123542494826378,-0.0266964536553231
0.0124111600239297,-0.0269189526647178
0.0124683327268135,-0.0271430763253974
0.0125257687989512,-0.0273688320938255
0.0125834694535679,-0.0275962273670384
0.0126414359094776,-0.0278252694800302
0.0126996693911089,-0.0280559657030854
0.0127581711285308,-0.0282883232390484
0.0128169423574784,-0.0285223492205681
0.0128759843193796,-0.0287580507072319
0.0129352982613809,-0.0289954346827052
0.0129948854363738,-0.0292345080517599
0.0130547471030214,-0.029475277637265
0.0131148845257848,-0.0297177501771349
0.0131752989749501,-0.0299619323211665
0.0132359917266548,-0.0302078306278887
0.0132969640629152,-0.0304554515612616
0.0133582172716531,-0.030704801487399
0.0134197526467233,-0.0309558866711541
0.0134815714879409,-0.0312087132726826
0.0135436751011084,-0.0314632873439307
0.0136060647980439,-0.0317196148250317
0.0136687418966081,-0.0319777015406925
0.0137317077207327,-0.0322375531964261
0.0137949636004483,-0.0324991753747983
0.0138585108719121,-0.0327625735315391
0.0139223508774364,-0.0330277529916224
0.0139864849655172,-0.0332947189452612
0.0140509144908622,-0.0335634764438004
0.0141156408144196,-0.0338340303955829
0.014180665303407,-0.0341063855617178
0.0142459893313401,-0.0343805465517437
0.0143116142780619,-0.0346565178192653
0.0143775415297716,-0.0349343036574671
0.014443772479054,-0.0352139081945775
0.014510308524909,-0.035495335389226
0.014577151072781,-0.0357785890257352
0.0146443015345887,-0.036063672709326
0.0147117613287549,-0.0363505898612322
0.0147795318802363,-0.0366393437137451
0.014847614620554,-0.0369299373051398
0.0149160109878232,-0.0372223734745569
0.0149847224267841,-0.0375166548567572
0.015053750388832,-0.0378127838768099
0.0151230963320483,-0.0381107627446825
0.0151927617212309,-0.0384105934497392
0.0152627480279256,-0.0387122777551442
0.0153330567304569,-0.0390158171921744
0.0154036893139592,-0.0393212130544397
0.0154746472704083,-0.0396284663919969
0.0155459320986529,-0.039937578005383
0.0156175453044463,-0.0402485484395258
0.0156894884004779,-0.0405613779775884
0.0157617629064055,-0.0408760666346937
0.0158343703488876,-0.0411926141515235
0.0159073122616148,-0.041511019987881
0.015980590185343,-0.041831283316083
0.0160542056679258,-0.0421534030142829
0.0161281602643469,-0.0424773776596896
0.0162024555367532,-0.042803205521656
0.0162770930544876,-0.0431308845546924
0.0163520743941224,-0.0434604123913445
0.0164274011394923,-0.0437917863349733
0.0165030748817284,-0.0441250033524386
0.0165790972192909,-0.0444600600666375
0.0166554697580038,-0.0447969527489653
0.0167321941110883,-0.045135677311649
0.016809271899197,-0.0454762292999587
0.016886704750448,-0.0458186038843205
0.0169644943004596,-0.0461627958523083
0.0170426421923845,-0.0465087996005181
0.017121150076945,-0.0468566091263075
0.0172000196124671,-0.0472062180194631
0.0172792524649162,-0.0475576194537035
0.0173588503079322,-0.0479108061780822
0.0174388148228644,-0.0482657705082625
0.0175191476988075,-0.048622504317699
0.0175998506326372,-0.0489809990286507
0.0176809253290458,-0.0493412456031199
0.0177623735005784,-0.0497032345336245
0.0178441968676691,-0.0500669558338846
0.0179263971586772,-0.0504323990293632
0.0180089761099238,-0.0507995531476906
0.0180919354657285,-0.0511684067089551
0.0181752769784461,-0.051538947715891
0.0182590024085038,-0.0519111636439131
0.0183431135244384,-0.0522850414310412
0.0184276121029334,-0.0526605674677006
0.0185124999288568,-0.0530377275863801
0.0185977787952986,-0.0534165070511866
0.0186834505036089,-0.0537968905472535
0.0187695168634356,-0.0541788621700396
0.0188559796927631,-0.0545624054144731
0.0189428408179503,-0.054947503164013
0.0190301020737693,-0.0553341376795348
0.0191177653034444,-0.0557222905881358
0.0192058323586905,-0.0561119428717776
0.0192943050997527,-0.0565030748558212
0.0193831853954455,-0.056895666197433
0.019472475123192,-0.0572896958738795
0.0195621761690639,-0.0576851421706591
0.0196522904278212,-0.058081982669567
0.019742819802952,-0.0584801942365738
0.0198337662067133,-0.0588797530096521
0.0199251315601707,-0.0592806343864034
0.0200169177932395,-0.0596828130116416
0.020109126844725,-0.0600862627648049
0.0202017606623641,-0.0604909567472646
0.0202948212028657,-0.0608968672695259
0.0203883104319525,-0.061303965838313
0.0204822303244026,-0.0617122231435223
0.0205765828640908,-0.062121609045091
0.0206713700440308,-0.0625320925597355
0.0207665938664172,-0.0629436418475866
0.0208622563426679,-0.0633562241987206
0.0209583594934664,-0.0637698060195884
0.0210549053488048,-0.064184352819345
0.0211518959480262,-0.0645998291960775
0.0212493333398681,-0.0650161988229161
0.0213472195825059,-0.0654334244340997
0.0214455567435958,-0.0658514678109061
0.0215443469003188,-0.0662702897675163
0.0216435921394248,-0.0666898501367743
0.0217432945572761,-0.067110107755924
0.0218434562598922,-0.0675310204521783
0.021944079362994,-0.0679525450282888
0.0220451659920488,-0.0683746372480272
0.0221467182823148,-0.0687972518215825
0.0222487383788862,-0.0692203423909172
0.0223512284367392,-0.0696438615150639
0.0224541906207766,-0.0700677606553785
0.022557627105874,-0.0704919901607284
0.022661540076926,-0.0709164992526576
0.0227659317288915,-0.0713412360105054
0.0228708042668411,-0.0717661473565238
0.022976159906003,-0.0721911790409247
0.0230820008718098,-0.0726162756269644
0.023188329399946,-0.0730413804759718
0.0232951477363947,-0.0734664357324138
0.0234024581374852,-0.0738913823089422
0.0235102628699409,-0.0743161598714403
0.0236185642109269,-0.0747407068241521
0.023727364448098,-0.0751649602947475
0.0238366658796476,-0.0755888561195087
0.0239464708143555,-0.0760123288285182
0.0240567815716372,-0.0764353116309043
0.0241676004815927,-0.0768577364001699
0.0242789298850557,-0.0772795336595849
0.0243907721336431,-0.0777006325676665
0.0245031295898047,-0.0781209609037379
0.0246160046268729,-0.0785404450536414
0.0247293996291132,-0.0789590099955049
0.0248433169917742,-0.0793765792857007
0.0249577591211384,-0.0797930750449111
0.0250727284345729,-0.0802084179443482
0.0251882273605808,-0.0806225271921786
0.0253042583388519,-0.0810353205200784
0.0254208238203147,-0.0814467141700379
0.0255379262671881,-0.0818566228813447
0.0256555681530334,-0.0822649598777976
0.0257737519628062,-0.0826716368551851
0.0258924801929094,-0.0830765639689936
0.0260117553512459,-0.083479649822422
0.0261315799572711,-0.0838808014546683
0.0262519565420464,-0.0842799243295338
0.0263728876482929,-0.0846769223243694
0.0264943758304448,-0.0850716977193438
0.0266164236547033,-0.085464151187138
0.0267390336990912,-0.0858541817829495
0.0268622085535069,-0.0862416869349829
0.0269859508197794,-0.0866265624353332
0.0271102631117232,-0.0870087024313344
0.0272351480551933,-0.0873879994173928
0.0273606082881412,-0.0877643442273246
0.0274866464606699,-0.0881376260272063
0.0276132652350904,-0.0885077323088037
0.027740467285978,-0.0888745488835568
0.0278682553002281,-0.0892379598771948
0.0279966319771138,-0.0895978477249727
0.0281256000283425,-0.089954093167571
0.0282551621781132,-0.0903065752477005
0.0283853211631741,-0.0906551713074143
0.0285160797328802,-0.0909997569862102
0.0286474406492518,-0.0913402062198721
0.0287794066870325,-0.0916763912401682
0.0289119806337479,-0.0920081825754067
0.0290451652897646,-0.0923354490518621
0.0291789634683491,-0.0926580577961322
0.0293133779957273,-0.0929758742385021
0.0294484117111446,-0.0932887621172082
0.0295840674669252,-0.0935965834839039
0.0297203481285329,-0.0938991987100369
0.0298572565746314,-0.094196466494482
0.0299947956971449,-0.0944882438722732
0.0301329684013197,-0.0947743862245637
0.0302717776057851,-0.0950547472898487
0.0304112262426154,-0.0953291791764894
0.0305513172573915,-0.0955975323765829
0.0306920536092633,-0.0958596557812298
0.0308334382710122,-0.0961153966972555
0.0309754742291141,-0.0963646008654312
0.0311181644838018,-0.096607112480247
0.0312615120491294,-0.0968427742112906
0.031405519953035,-0.0970714272262975
0.0315501912374051,-0.0972929112158942
0.0316955289581391,-0.0975070644201615
0.0318415361852133,-0.097713723656996
0.0319882160027461,-0.097912724352373
0.0321355715090631,-0.0981039005726082
0.0322836058167624,-0.0982870850585887
0.0324323220527806,-0.0984621092621338
0.0325817233584587,-0.0986288033844881
0.0327318128896083,-0.0987869964170597
0.0328825938165787,-0.0989365161844379
0.0330340693243232,-0.0990771893897816
0.0331862426124671,-0.0992088416626341
0.0333391168953749,-0.0993312976093032
0.033492695402218,-0.0994443808657494
0.0336469813770436,-0.0995479141532186
0.0338019780788423,-0.0996417193365769
0.0339576887816179,-0.0997256174855024
0.0341141167744556,-0.0997994289385621
0.0342712653615923,-0.099862973370306
0.0344291378624861,-0.0999160698614419
0.0345877376118859,-0.0999585369721789
0.0347470679599028,-0.0999901928188258
0.0349071322720802,-0.100010855153738
0.0350679339294651,-0.100020341448731
0.0352294763286793,-0.100018468982
0.0353917628819916,-0.100005054928709
0.0355547970173894,-0.0999799164552764
0.0357185821786514,-0.0999428708175076
0.0358831218254203,-0.099893735462677
0.0360484194332758,-0.0998323281356143
0.036214478493808,-0.0997584669889342
0.0363813025146913,-0.0996719706975282
0.0365488950197583,-0.0995726585773838
0.0367172595490743,-0.0994603507088575
0.0368863996590123,-0.0993348680645624
0.0370563189223279,-0.0991960326418277
0.0372270209282345,-0.0990436676000793
0.0373985092824797,-0.0988775974030048
0.0375707876074212,-0.0986976479657856
0.0377438595421032,-0.0985036468074715
0.0379177287423332,-0.0982954232085561
0.0380923988807597,-0.0980728083739273
0.0382678736469492,-0.097835635601313
0.0384441567474647,-0.097583740455281
0.0386212519059432,-0.0973169609469867
0.0387991628631753,-0.0970351377197282
0.0389778933771835,-0.096738114240428
0.0391574472233021,-0.0964257369972114
0.0393378281942564,-0.096097855703144
0.0395190401002431,-0.0957543235062574
0.0397010867690112,-0.0953949972059999
0.0398839720459419,-0.0950197374761967
0.0400676997941307,-0.0946284090946456
0.0402522738944686,-0.0942208811794964
0.0404376982457241,-0.0937970274324237
0.0406239767646255,-0.0933567263888254
0.0408111133859441,-0.0928998616750704
0.0409991120625764,-0.0924263222729077
0.0411879767656285,-0.0919360027911533
0.0413777114844997,-0.0914288037447753
0.0415683202269664,-0.0909046318413913
0.0417598070192672,-0.0903634002753326
0.0419521759061878,-0.0898050290293681
0.0421454309511463,-0.0892294451840647
0.0423395762362795,-0.0886365832349986
0.0425346158625283,-0.088026385417752
0.0427305539497253,-0.0873988020408593
0.0429273946366809,-0.0867537918266374
0.0431251420812716,-0.0860913222600758
0.043323800460527,-0.0854113699456808
0.0435233739707186,-0.0847139209724179
0.0437238668274484,-0.0839989712866936
0.0439252832657375,-0.0832665270733706
0.044127627540116,-0.0825166051448481
0.0443309039247128,-0.0817492333381687
0.0445351167133458,-0.080964450920096
0.0447402702196125,-0.0801623090000887
0.0449463687769814,-0.0793428709511849
0.0451534167388831,-0.0785062128386133
0.0453614184788029,-0.0776524238560653
0.0455703783903724,-0.0767816067695202
0.045780300887463,-0.0758938783684297
0.0459911904042787,-0.0749893699241511
0.04620305139545,-0.0740682276553746
0.0464158883361278,-0.0731306132003414
0.0466297057220782,-0.0721767040956864
0.046844508069777,-0.0712066942614634
0.0470602999165058,-0.070220794492246
0.0472770858204471,-0.0692192329538016
0.0474948703607811,-0.0682022556850593
0.0477136581377822,-0.0671701271049616
0.0479334537729163,-0.0661231305237015
0.048154261908938,-0.0650615686579459
0.0483760872099896,-0.0639857641494151
0.0485989343616986,-0.0628960600863546
0.0488228080712771,-0.0617928205272183
0.0490477130676214,-0.0606764310259203
0.0492736541014118,-0.0595472991579146
0.0495006359452126,-0.0584058550463915
0.0497286633935733,-0.057252551887707
0.0499577412631299,-0.0560878664751565
0.0501878743927065,-0.0549122997202178
0.0504190676434171,-0.0537263771701619
0.0506513258987693,-0.0525306495210068
0.0508846540647664,-0.0513256931246508
0.0511190570700116,-0.0501121104889321
0.0513545398658122,-0.0488905307693756
0.0515911074262836,-0.0476616102511552
0.051828764748455,-0.0464260328198848
0.0520675168523746,-0.0451845104196311
0.0523073687812159,-0.0439377834965209
0.0525483256013838,-0.042686621426216
0.052790392402622,-0.041431822923364
0.0530335742981203,-0.0401742164311504
0.0532778764246231,-0.0389146604888765
0.0535233039425368,-0.0376540440753875
0.0537698620360402,-0.0363932869261043
0.0540175559131928,-0.0351333398213067
0.0542663908060455,-0.0338751848430731
0.0545163719707511,-0.0326198355983633
0.0547675046876749,-0.0313683374053986
0.0550197942615066,-0.0301217674405047
0.0552732460213723,-0.0288812348423708
0.0555278653209469,-0.0276478807706048
0.0557836575385676,-0.0264228784152454
0.0560406280773467,-0.0252074329538084
0.0562987823652866,-0.024002781452318
0.0565581258553942,-0.0228101927065495
0.0568186640257956,-0.0216309670195678
0.0570804023798525,-0.0204664359116434
0.057343346446278,-0.0193179617582257
0.0576075017792536,-0.0181869373517023
0.0578728739585465,-0.0170747853824283
0.0581394685896271,-0.0159829578343512
0.0584072913037881,-0.0149129352904553
0.0586763477582629,-0.0138662261429886
0.0589466436363452,-0.0128443657034143
0.0592181846475093,-0.0118489152067774
0.0594909765275303,-0.0108814607050434
0.0597650250386055,-0.00994361184388055
0.0600403359694763,-0.00903700051707573
0.0603169151355499,-0.00816327939286853
0.0605947683790229,-0.00732412030605128
0.060873901569004,-0.00652121250986711
0.0611543206016384,-0.00575626078137899
0.0614360314002322,-0.0050309833740187
0.0617190399153776,-0.0043471098108759
0.0620033521250784,-0.00370637851218735
0.0622889740348766,-0.00311053425049184
0.0625759116779788,-0.00256132542676318
0.0628641711153843,-0.00206050116082867
0.0631537584360123,-0.00160980818943153
0.0634446797568311,-0.00121098756515269
0.0637369412229874,-0.000865771149630091
0.0640305490079355,-0.000575877894280834
0.0643255093135683,-0.000343009902123373
0.0646218283703481,-0.000168848264138896
0.0649195124374377,-5.50486638940499e-05
0.0652185678028339,-3.23674424873906e-06
0.0655190007834986,-1.50032301997563e-05
0.0658208177254939,-9.18988021442596e-05
0.0661240250041151,-0.000235428714154631
0.0664286290240255,-0.000447047152122828
0.0667346362193919,-0.000728151327134456
0.0670420530540208,-0.00108007529969875
0.0673508860214941,-0.00150408353110742
0.067661141645307,-0.00200136415866207
0.0679728264790055,-0.0025730219920894
0.068285947106325,-0.00322007122926376
0.068600510141329,-0.00394342788999699
0.0689165222285492,-0.00474390196753171
0.0692339900431257,-0.00562218929831161
0.069552920290948,-0.00657886315160133
0.0698733197087966,-0.00761436554161503
0.0701951950644856,-0.00872899826602678
0.0705185531570049,-0.00992291367609616
0.0708434008166649,-0.0111961051850223
0.07116974490524,-0.0125483975227916
0.0714975923161134,-0.013979436747334
0.0718269499744237,-0.0154886800239042
0.0721578248372099,-0.0170753851863649
0.0724902238935594,-0.0187386000964072
0.0728241541647553,-0.0204771518190806
0.0731596227044241,-0.0222896356355432
0.0734966365986857,-0.0241744039168385
0.0738352029663027,-0.0261295548854435
0.0741753289588301,-0.0281529212948024
0.0745170217607675,-0.030242059060462
0.07486028858971,-0.0323942358806195
0.0752051366965011,-0.0346064198878655
0.0755515733653856,-0.036875268378863
0.0758996059141638,-0.0391971166736298
0.0762492416943455,-0.0415679671616149
0.0766004880913058,-0.043983478598074
0.0769533525244412,-0.046438955720657
0.0773078424473259,-0.0489293392636033
0.077663965347869,-0.0514491964549333
0.0780217287484736,-0.0539927120908088
0.0783811402061951,-0.0565536802909864
0.0787422073129007,-0.0591254970500298
0.0791049376954302,-0.0617011537106699
0.0794693390157564,-0.0642732314988311
0.079835418971148,-0.0668338972741985
0.0802031852943313,-0.0693749006662794
0.0805726457536537,-0.0718875727834055
0.0809438081532483,-0.074362826701965
0.081316680333198,-0.0767911599647211
0.0816912701697017,-0.0791626593413988
0.0820675855752405,-0.0814670081314543
0.0824456344987444,-0.0836934963188756
0.0828254249257611,-0.0858310339220845
0.083206964878624,-0.0878681679189327
0.0835902624166216,-0.0897931031679107
0.0839753256361683,-0.0915937277925284
0.0843621626709747,-0.0932576435467345
0.0847507816922202,-0.0947722017359687
0.0851411909087249,-0.096124545331536
0.0855333985671235,-0.0973016579863126
0.0859274129520391,-0.0982904207375333
0.0863232423862586,-0.0990776772694808
0.0867208952309079,-0.0996503087047622
0.0871203798856294,-0.099995318999779
0.0875217047887585,-0.100099932137984
0.0879248784175024,-0.0999517024452337
0.0883299092881192,-0.0995386394955284
0.0887368059560974,-0.098849349234269
0.0891455770163368,-0.0978731931203809
0.0895562311033304,-0.0966004672795508
0.0899687768913462,-0.09502260386895
0.0903832230946107,-0.0931323970801928
0.0907995784674931,-0.0909242564514303
0.0912178518046901,-0.0883944904223539
0.0916380519414115,-0.0855416233454883
0.0920601877535671,-0.0823667494628582
0.0924842681579541,-0.0788739276656431
0.0929103021124453,-0.0750706211718322
0.0933382986161786,-0.0709681865769017
0.093768266709747,-0.0665824170470858
0.0942002154753891,-0.0619341447218456
0.0946341540371817,-0.0570499076569041
0.0950700915612322,-0.0519626868513419
0.0955080372558718,-0.0467127190360192
0.095948000371851,-0.041348390923253
0.0963899902025336,-0.0359272204881175
0.0968340160840946,-0.0305169305184827
0.0972800873957162,-0.0251966190720121
0.0977282135597862,-0.0200580305375966
0.0981784040420975,-0.0152069296264126
0.0986306683520477,-0.0107645787086338
0.0990850160428395,-0.00686931634456806
0.0995414567116835,-0.00367823149815882
0.1,-0.00136892361897214
0.100460655593623,-0.000141333382124985
0.100923433223006,-0.000219622233587107
0.101388342663425,-0.00185407086459092
0.101855393735186,-0.005322957238343
0.102324596303834,-0.0109343637765195
0.10279596028036,-0.0190278508479839
0.10326949562141,-0.0299759199921571
0.103745212329497,-0.0441851757524132
0.104223120453209,-0.0620970802372679
0.104703230087426,-0.0841881805165782
0.105185551373528,-0.110969676991813
0.105670094499614,-0.142986192615311
0.106156869700713,-0.180813600282008
0.106645887259005,-0.225055771155716
0.107137157504033,-0.276340122499629
0.107630690812924,-0.33531187198546
0.10812649761061,-0.402626948170323
0.108624588370042,-0.478943564611814
0.109124973612419,-0.564912537254661
0.109627663907405,-0.66116650869737
0.110132669873353,-0.768308333976929
0.110640002177531,-0.886898973625339
0.111149671536347,-1.0174453221234
0.111661688715573,-1.16038846362175
0.112176064530576,-1.31609288220895
0.112692809846542,-1.48483715306815
0.113211935578712,-1.66680659881419
0.113733452692604,-1.86208831188545
0.114257372204254,-2.07066882397255
0.11478370518044,-2.2924345569122
0.115312462738922,-2.52717502986741
0.115843656048673,-2.77458864046891
0.116377296330119,-3.03429069806038
0.116913394855372,-3.3058232778641
0.117451962948468,-3.58866639412318
0.117993011985611,-3.88224996133907
0.118536553395407,-4.18596602384522
0.119082598659111,-4.49918077919972
0.119631159310867,-4.82124599152841
0.120182246937948,-5.15150947709049
0.120735873181011,-5.48932443630009
0.121292049734329,-5.83405749591071
0.12185078834605,-6.18509540575668
0.122412100818441,-6.54185040229251
0.122975999008133,-6.90376430423911
0.123542494826378,-7.27031144375203
0.124111600239297,-7.64100056077748
0.124683327268135,-8.01537580057738
0.125257687989512,-8.39301695709071
0.125834694535679,-8.77353910023036
0.126414359094776,-9.15659171559306
0.126996693911089,-9.54185747229603
0.127581711285308,-9.92905072029034
0.128169423574784,-10.3179158037236
0.128759843193796,-10.7082252625799
0.129352982613809,-11.099777981476
0.129948854363738,-11.4923973324715
0.130547471030214,-11.8859293482141
0.131148845257848,-12.280240952714
0.131752989749501,-12.675218269472
0.132359917266548,-13.0707650204545
0.132969640629152,-13.4668010243804
0.133582172716531,-13.8632607988031
0.134197526467233,-14.2600922673833
0.134815714879409,-14.6572555714132
0.135436751011084,-15.0547219829349
0.136060647980439,-15.452472915584
0.136687418966081,-15.8504990284804
0.137317077207327,-16.2487994179938
0.137949636004483,-16.6473808919708
0.138585108719121,-17.0462573209512
0.139223508774364,-17.4454490609848
0.139864849655172,-17.8449824428486
0.140509144908622,-18.2448893227209
0.141156408144196,-18.6452066896757
0.14180665303407,-19.0459763257016
0.142459893313401,-19.4472445142979
0.143116142780619,-19.8490617940695
0.143775415297716,-20.2514827540948
0.14443772479054,-20.6545658682046
0.14510308524909,-21.0583733656509
0.14577151072781,-21.4629711359861
0.146443015345887,-21.8684286662995
0.147117613287549,-22.2748190092743
0.147795318802363,-22.6822187808389
0.14847614620554,-23.0907081864865
0.149160109878232,-23.5003710756354
0.149847224267841,-23.911295023695
0.15053750388832,-24.3235714418009
0.151230963320483,-24.737295714479
0.151927617212309,-25.1525673658108
0.152627480279256,-25.5694902549877
0.153330567304569,-25.9881728024846
0.154036893139592,-26.4087282484406
0.154746472704083,-26.8312749452267
0.155459320986529,-27.2559366866067
0.156175453044463,-27.6828430763668
0.156894884004778,-28.1121299398182
0.157617629064055,-28.5439397821675
0.158343703488876,-28.9784222984199
0.159073122616148,-29.4157349402497
0.15980590185343,-29.8560435461533
0.160542056679258,-30.2995230422189
0.161281602643469,-30.7463582220355
0.162024555367532,-31.1967446156471
0.162770930544876,-31.6508894590891
0.163520743941224,-32.1090127779617
0.164274011394923,-32.5713486007731
0.165030748817284,-33.0381463204964
0.165790972192909,-33.5096722260244
0.166554697580038,-33.986211229106
0.167321941110883,-34.4680688170463
0.168092718991969,-34.9555732671657
0.16886704750448,-35.4490781659653
0.169644943004596,-35.9489652844779
0.170426421923845,-36.4556478717953
0.17121150076945,-36.9695744417881
0.172000196124671,-37.4912331442852
0.172792524649162,-38.0211568323654
0.173588503079322,-38.5599289631742
0.174388148228644,-39.1081905024578
0.175191476988075,-39.666648045023
0.175998506326372,-40.2360834176458
0.176809253290458,-40.8173651017387
0.177623735005784,-41.4114619062164
0.178441968676691,-42.0194594447175
0.179263971586772,-42.642580137434
0.180089761099238,-43.2822076833556
0.180919354657285,-43.9399172587881
0.181752769784461,-44.6175131299662
0.182590024085038,-45.3170759781465
0.183431135244384,-46.041023112368
0.184276121029334,-46.7921860263069
0.185124999288568,-47.5739116640497
0.185977787952986,-48.3901966632549
0.186834505036089,-49.2458683678492
0.187695168634356,-50.1468336397838
0.188559796927631,-51.1004284313364
0.189428408179503,-52.1159214365041
0.190301020737693,-53.2052612682065
0.191177653034444,-54.3842237409525
0.192058323586905,-55.6742475463972
0.192943050997528,-57.1055224400884
0.193831853954455,-58.722519960527
0.19472475123192,-60.5947284282537
0.195621761690639,-62.8398622965432
0.196522904278212,-65.6823713784445
0.19742819802952,-69.6412092996382
0.198337662067133,-76.4895426313803
0.199251315601707,-94.0434267125151
0.200169177932395,-74.9033609851139
0.20109126844725,-69.6169923470882
0.202017606623641,-66.5168945687758
0.202948212028657,-64.3587805904414
0.203883104319525,-62.7285867150577
0.204822303244026,-61.4367821666464
0.205765828640908,-60.3806347574778
0.206713700440308,-59.4981715260802
0.207665938664172,-58.7491201544536
0.208622563426679,-58.1058330065133
0.209583594934664,-57.5485101857955
0.210549053488048,-57.0624881503852
0.211518959480262,-56.6366069191277
0.212493333398681,-56.2621787360695
0.213472195825059,-55.932310486076
0.214455567435958,-55.6414435675173
0.215443469003188,-55.385032512932
0.216435921394248,-55.1593150037868
0.217432945572761,-54.9611437708592
0.218434562598922,-54.7878614225137
0.21944079362994,-54.6372056913512
0.220451659920488,-54.5072366471342
0.221467182823148,-54.396280043749
0.222487383788862,-54.3028826990499
0.223512284367392,-54.2257769741991
0.224541906207766,-54.1638522217698
0.22557627105874,-54.1161316330286
0.22661540076926,-54.0817533132834
0.227659317288915,-54.0599547011646
0.228708042668411,-54.0500596571529
0.22976159906003,-54.0514677013662
0.230820008718098,-54.0636449961949
0.23188329399946,-54.0861167566262
0.232951477363947,-54.1184608376253
0.234024581374852,-54.1603022991455
0.235102628699409,-54.2113087890976
0.236185642109269,-54.2711866157544
0.23727364448098,-54.339677405667
0.238366658796476,-54.4165552627635
0.239464708143555,-54.5016243600496
0.240567815716372,-54.5947169080936
0.241676004815927,-54.6956914549327
0.242789298850557,-54.8044314806841
0.243907721336431,-54.9208442573977
0.245031295898047,-55.0448599508469
0.246160046268729,-55.1764309462894
0.247293996291132,-55.3155313849358
0.248433169917742,-55.4621569021186
0.249577591211384,-55.6163245621119
0.250727284345729,-55.7780729883361
0.251882273605808,-55.947462691429
0.253042583388519,-56.124576601492
0.254208238203147,-56.3095208148573
0.255379262671881,-56.502425570103
0.256555681530334,-56.7034464729415
0.257737519628062,-56.9127659951698
0.258924801929095,-57.1305952793693
0.260117553512459,-57.3571762886954
0.261315799572711,-57.5927843502909
0.262519565420464,-57.8377311519891
0.263728876482929,-58.0923682656255
0.264943758304448,-58.3570912871614
0.266164236547033,-58.632344704894
0.267390336990912,-58.9186276335611
0.268622085535069,-59.2165005858184
0.269859508197794,-59.5265934956845
0.271102631117232,-59.84961526422
0.272351480551933,-60.1863651702706
0.273606082881412,-60.5377465845574
0.274866464606699,-60.9047835522685
0.276132652350904,-61.2886409797323
0.27740467285978,-61.6906493923616
0.278682553002281,-62.1123355497444
0.279966319771138,-62.5554606482109
0.281256000283425,-63.0220684701951
0.282551621781132,-63.5145467441952
0.283853211631741,-64.0357063028076
0.285160797328802,-64.5888846012376
0.286474406492518,-65.1780831691592
0.287794066870325,-65.8081532687787
0.289119806337479,-66.485051569174
0.290451652897646,-67.2162001067447
0.291789634683491,-68.0110061247382
0.293133779957273,-68.8816353628252
0.294484117111446,-69.8442032342893
0.295840674669252,-70.9206880571616
0.297203481285329,-72.1421649151637
0.298572565746314,-73.5546318495497
0.299947956971449,-75.2304068889067
0.301329684013197,-77.29303464111
0.302717776057851,-79.981082011014
0.304112262426154,-83.8584594488013
0.305513172573915,-90.9584594759625
0.306920536092633,-102.836074956484
0.308334382710122,-87.4403656923121
0.309754742291141,-82.2238700134852
0.311181644838018,-79.0107998645973
0.312615120491294,-76.6888012025709
0.314055199530349,-74.8734468627316
0.315501912374051,-73.3855710229813
0.316955289581391,-72.1269906317384
0.318415361852133,-71.0380289450109
0.319882160027461,-70.0796863130632
0.321355715090631,-69.2250676340062
0.322836058167624,-68.4548381695584
0.324323220527806,-67.7546300489768
0.325817233584587,-67.1134735881518
0.327318128896083,-66.5228028710482
0.328825938165787,-65.9758004412842
0.330340693243232,-65.4669511497032
0.331862426124671,-64.9917298332056
0.333391168953748,-64.5463773643627
0.33492695402218,-64.1277366660657
0.336469813770436,-63.7331303984671
0.338019780788423,-63.3602682221017
0.339576887816179,-63.0071754490563
0.341141167744556,-62.6721374225342
0.342712653615923,-62.3536556388826
0.344291378624861,-62.0504127570352
0.345877376118859,-61.7612444187812
0.347470679599028,-61.4851163481905
0.349071322720802,-61.2211055859356
0.350679339294651,-60.9683849935484
0.352294763286793,-60.7262103666693
0.353917628819916,-60.4939096471434
0.355547970173894,-60.2708738365394
0.357185821786514,-60.0565492987918
0.358831218254203,-59.8504312045694
0.360484194332758,-59.6520579199008
0.36214478493808,-59.4610061803276
0.363813025146913,-59.2768869221434
0.365488950197583,-59.0993416661287
0.367172595490743,-58.928039368124
0.368863996590123,-58.7626736658828
0.370563189223279,-58.602960463792
0.372270209282345,-58.4486358068501
0.373985092824797,-58.2994540032645
0.375707876074212,-58.1551859615425
0.377438595421032,-58.0156177132933
0.379177287423332,-57.8805490973658
0.380923988807597,-57.7497925846045
0.382678736469492,-57.6231722255448
0.384441567474647,-57.5005227059087
0.386212519059432,-57.3816884968946
0.387991628631753,-57.2665230890536
0.389778933771835,-57.1548883000561
0.391574472233021,-57.0466536479457
0.393378281942564,-56.9416957825704
0.395190401002431,-56.8398979688149
0.397010867690112,-56.7411496160621
0.398839720459419,-56.6453458489961
0.400676997941307,-56.5523871154543
0.402522738944686,-56.4621788275485
0.404376982457241,-56.3746310327125
0.406239767646255,-56.2896581117273
0.408111133859441,-56.2071785011021
0.409991120625764,-56.1271144374861
0.411879767656285,-56.0493917220388
0.413777114844997,-55.9739395029136
0.415683202269664,-55.9006900742015
0.417598070192672,-55.8295786898612
0.419521759061878,-55.7605433913068
0.421454309511463,-55.6935248474657
0.423395762362795,-55.6284662062362
0.425346158625283,-55.565312956379
0.427305539497253,-55.5040127989713
0.429273946366809,-55.4445155276408
0.431251420812716,-55.3867729168607
0.43323800460527,-55.3307386176667
0.435233739707186,-55.2763680602057
0.437238668274483,-55.2236183625851
0.439252832657375,-55.1724482455385
0.44127627540116,-55.1228179524649
0.443309039247128,-55.0746891744402
0.445351167133458,-55.0280249798304
0.447402702196125,-54.9827897481734
0.449463687769814,-54.9389491080173
0.451534167388831,-54.8964698784365
0.453614184788029,-54.8553200139643
0.455703783903724,-54.8154685527036
0.45780300887463,-54.7768855673988
0.459911904042787,-54.7395421192663
0.4620305139545,-54.7034102143972
0.464158883361278,-54.668462762563
0.466297057220782,-54.634673538265
0.46844508069777,-54.6020171438818
0.470602999165058,-54.5704689747793
0.472770858204471,-54.5400051862607
0.474948703607811,-54.5106026622367
0.477136581377822,-54.4822389855129
0.479334537729163,-54.4548924095923
0.481542619089381,-54.4285418319007
0.483760872099897,-54.4031667683504
0.485989343616986,-54.3787473291605
0.488228080712771,-54.3552641958614
0.490477130676214,-54.3326985994125
0.492736541014118,-54.3110322993696
0.495006359452126,-54.2902475640416
0.497286633935733,-54.2703271515801
0.499577412631299,-54.251254291949
0.501878743927065,-54.2330126697262
0.504190676434171,-54.2155864076905
0.506513258987693,-54.198960051151
0.508846540647664,-54.1831185529787
0.511190570700116,-54.168047259303
0.513545398658122,-54.153731895837
0.515911074262836,-54.1401585547998
0.518287647484549,-54.127313682402
0.520675168523746,-54.1151840668692
0.523073687812159,-54.1037568269716
0.525483256013838,-54.0930194010372
0.52790392402622,-54.0829595364229
0.530335742981203,-54.07356527942
0.532778764246231,-54.0648249655743
0.535233039425368,-54.0567272103988
0.537698620360402,-54.0492609004601
0.540175559131928,-54.0424151848222
0.542663908060455,-54.0361794668281
0.545163719707511,-54.0305433962037
0.547675046876749,-54.0254968614716
0.550197942615066,-54.0210299826553
0.552732460213723,-54.0171331042651
0.555278653209469,-54.0137967885502
0.557836575385676,-54.0110118090044
0.560406280773467,-54.0087691441167
0.562987823652866,-54.0070599713521
0.565581258553942,-54.005875661356
0.568186640257956,-54.0052077723686
0.570804023798525,-54.0050480448439
0.57343346446278,-54.0053883962612
0.576075017792536,-54.0062209161219
0.578728739585465,-54.0075378611256
0.581394685896271,-54.0093316505135
0.584072913037881,-54.0115948615766
0.586763477582629,-54.0143202253186
0.589466436363452,-54.0175006222686
0.592181846475093,-54.0211290784373
0.594909765275303,-54.0251987614098
0.597650250386055,-54.0297029765705
0.600403359694763,-54.0346351634546
0.603169151355499,-54.0399888922203
0.605947683790229,-54.0457578602382
0.60873901569004,-54.0519358887914
0.611543206016384,-54.0585169198844
0.614360314002322,-54.0654950131538
0.617190399153776,-54.0728643428796
0.620033521250784,-54.0806191950904
0.622889740348766,-54.0887539647614
0.625759116779788,-54.0972631531003
0.628641711153842,-54.1061413649177
0.631537584360123,-54.1153833060795
0.634446797568311,-54.124983781038
0.637369412229874,-54.1349376904388
0.640305490079356,-54.1452400287997
0.643255093135683,-54.1558858822611
0.646218283703481,-54.1668704264034
0.649195124374377,-54.1781889241295
0.652185678028338,-54.1898367236105
0.655190007834986,-54.201809256292
0.658208177254939,-54.2141020349587
0.661240250041151,-54.2267106518556
0.664286290240255,-54.2396307768637
0.667346362193919,-54.2528581557276
0.670420530540208,-54.2663886083349
0.673508860214941,-54.2802180270437
0.67661141645307,-54.2943423750575
0.679728264790056,-54.3087576848462
0.68285947106325,-54.323460056611
0.68600510141329,-54.3384456567918
0.689165222285492,-54.3537107166159
0.692339900431257,-54.3692515306868
0.69552920290948,-54.385064455611
0.698733197087966,-54.401145908663
0.701951950644856,-54.4174923664849
0.705185531570049,-54.4341003638225
0.708434008166649,-54.450966492294
0.7116974490524,-54.4680873991915
0.714975923161134,-54.4854597863151
0.718269499744237,-54.503080408836
0.721578248372099,-54.5209460741906
0.724902238935594,-54.5390536410029
0.728241541647553,-54.5574000180342
0.731596227044241,-54.5759821631607
0.734966365986857,-54.5947970823763
0.738352029663027,-54.6138418288214
0.741753289588301,-54.6331135018356
0.745170217607675,-54.6526092460353
0.7486028858971,-54.6723262504127
0.752051366965011,-54.6922617474585
0.755515733653857,-54.7124130123063
0.758996059141638,-54.732777361897
0.762492416943455,-54.7533521541647
0.766004880913059,-54.7741347872419
0.769533525244412,-54.7951226986843
0.773078424473258,-54.8163133647136
0.77663965347869,-54.8377042994795
0.780217287484736,-54.8592930543382
0.783811402061952,-54.8810772171489
0.787422073129007,-54.9030544115865
0.791049376954302,-54.9252222964704
0.794693390157564,-54.9475785651093
0.79835418971148,-54.9701209446609
0.802031852943313,-54.9928471955066
0.805726457536537,-55.0157551106408
0.809438081532482,-55.0388425150738
0.81316680333198,-55.0621072652485
0.816912701697017,-55.0855472484704
0.820675855752404,-55.1091603823508
0.824456344987444,-55.1329446142616
0.828254249257611,-55.1568979208031
0.83206964878624,-55.1810183072838
0.835902624166216,-55.2053038072109
0.839753256361683,-55.2297524817927
0.843621626709747,-55.2543624194518
0.847507816922202,-55.2791317353487
0.85141190908725,-55.3040585709164
0.855333985671235,-55.3291410934041
0.859274129520391,-55.3543774954318
0.863232423862586,-55.3797659945536
0.867208952309079,-55.4053048328307
0.871203798856294,-55.4309922764137
0.875217047887585,-55.4568266151334
0.879248784175024,-55.4828061621002
0.883299092881192,-55.5089292533126
0.887368059560973,-55.5351942472725
0.891455770163368,-55.5615995246099
0.895562311033304,-55.5881434877149
0.899687768913462,-55.6148245603767
0.903832230946108,-55.6416411874311
0.907995784674931,-55.6685918344142
0.9121785180469,-55.6956749872237
0.916380519414115,-55.7228891517871
0.92060187753567,-55.7502328537362
0.924842681579541,-55.7777046380885
0.929103021124453,-55.8053030689349
0.933382986161786,-55.8330267291335
0.93768266709747,-55.8608742200095
0.942002154753891,-55.8888441610612
0.946341540371817,-55.9169351896716
0.950700915612322,-55.9451459608258
0.955080372558718,-55.9734751468339
0.95948000371851,-56.0019214370587
0.963899902025336,-56.0304835376501
0.968340160840946,-56.0591601712827
0.972800873957162,-56.0879500769003
0.977282135597862,-56.116852009464
0.981784040420975,-56.1458647397056
0.986306683520477,-56.1749870538855
0.990850160428395,-56.2042177535556
0.995414567116835,-56.233555655326
1,-56.2629995906362
1.00460655593623,-56.2925484055321
1.00923433223006,-56.3222009604441
1.01388342663425,-56.3519561299717
1.01855393735186,-56.381812802672
1.02324596303834,-56.4117698808505
1.0279596028036,-56.4418262803577
1.03269495621411,-56.4719809303876
1.03745212329497,-56.5022327732812
1.04223120453209,-56.532580764333
1.04703230087426,-56.5630238716007
1.05185551373528,-56.5935610757191
1.05670094499614,-56.6241913697166
1.06156869700713,-56.6549137588355
1.06645887259005,-56.6857272603547
1.07137157504033,-56.716630903417
1.07630690812924,-56.7476237288573
1.0812649761061,-56.7787047890365
1.08624588370042,-56.8098731476754
1.09124973612419,-56.8411278796941
1.09627663907405,-56.8724680710521
1.10132669873353,-56.903892818593
1.10640002177531,-56.9354012298901
1.11149671536347,-56.9669924230962
1.11661688715573,-56.9986655267948
1.12176064530576,-57.0304196798548
1.12692809846542,-57.0622540312867
1.13211935578712,-57.0941677401022
1.13733452692604,-57.1261599751754
1.14257372204254,-57.1582299151066
1.1478370518044,-57.1903767480888
1.15312462738922,-57.2225996717757
1.15843656048673,-57.2548978931521
1.16377296330119,-57.2872706284072
1.16913394855372,-57.3197171028087
1.17451962948468,-57.3522365505802
1.17993011985611,-57.3848282147797
1.18536553395407,-57.4174913471805
1.19082598659111,-57.4502252081544
1.19631159310867,-57.4830290665556
1.20182246937949,-57.5159021996082
1.2073587318101,-57.5488438927939
1.21292049734329,-57.5818534397424
1.2185078834605,-57.6149301421233
1.22412100818441,-57.6480733095401
1.22975999008133,-57.681282259425
1.23542494826378,-57.7145563169365
1.24111600239297,-57.7478948148576
1.24683327268135,-57.7812970934962
1.25257687989512,-57.814762500587
1.25834694535679,-57.8482903911947
1.26414359094776,-57.8818801276191
1.26996693911089,-57.9155310793013
1.27581711285308,-57.9492426227312
1.28169423574784,-57.9830141413574
1.28759843193796,-58.0168450254971
1.29352982613809,-58.0507346722486
1.29948854363738,-58.0846824854044
1.30547471030214,-58.1186878753659
1.31148845257849,-58.1527502590594
1.31752989749501,-58.1868690598532
1.32359917266548,-58.2210437074762
1.32969640629152,-58.255273637938
1.33582172716531,-58.2895582934487
1.34197526467233,-58.3238971223423
1.34815714879409,-58.3582895789993
1.35436751011084,-58.392735123771
1.36060647980438,-58.4272332229054
1.36687418966081,-58.4617833484737
1.37317077207327,-58.4963849782979
1.37949636004483,-58.5310375958797
1.38585108719121,-58.5657406903303
1.39223508774364,-58.6004937563014
1.39864849655172,-58.6352962939167
1.40509144908622,-58.6701478087052
1.41156408144196,-58.7050478115344
1.4180665303407,-58.7399958185461
1.42459893313401,-58.7749913510907
1.43116142780619,-58.8100339356656
1.43775415297716,-58.8451231038508
1.4443772479054,-58.8802583922491
1.4510308524909,-58.9154393424244
1.4577151072781,-58.950665500842
1.46443015345887,-58.9859364188099
1.47117613287549,-59.0212516524208
1.47795318802363,-59.0566107624941
1.4847614620554,-59.0920133145202
1.49160109878232,-59.127458878604
1.49847224267841,-59.1629470294109
1.5053750388832,-59.1984773461116
1.51230963320483,-59.2340494123295
1.51927617212309,-59.2696628160875
1.52627480279256,-59.3053171497563
1.53330567304569,-59.3410120100032
1.54036893139592,-59.3767469977413
1.54746472704083,-59.4125217180799
1.55459320986529,-59.4483357802754
1.56175453044463,-59.4841887976824
1.56894884004779,-59.5200803877065
1.57617629064055,-59.5560101717566
1.58343703488876,-59.5919777751984
1.59073122616148,-59.627982827309
1.5980590185343,-59.6640249612308
1.60542056679258,-59.7001038139277
1.61281602643469,-59.7362190261401
1.62024555367532,-59.7723702423421
1.62770930544876,-59.8085571106985
1.63520743941224,-59.8447792830219
1.64274011394923,-59.8810364147317
1.65030748817283,-59.9173281648121
1.65790972192909,-59.9536541957721
1.66554697580038,-59.9900141736049
1.67321941110883,-60.0264077677482
1.68092718991969,-60.0628346510457
1.6886704750448,-60.0992944997078
1.69644943004596,-60.1357869932738
1.70426421923845,-60.1723118145743
1.7121150076945,-60.2088686496943
1.72000196124671,-60.245457187936
1.72792524649162,-60.2820771217831
1.73588503079322,-60.3187281468653
1.74388148228644,-60.3554099619224
1.75191476988075,-60.3921222687699
1.75998506326372,-60.4288647722648
1.76809253290458,-60.4656371802714
1.77623735005784,-60.5024392036282
1.78441968676691,-60.5392705561142
1.79263971586772,-60.5761309544171
1.80089761099238,-60.6130201181004
1.80919354657285,-60.649937769572
1.81752769784461,-60.6868836340528
1.82590024085038,-60.7238574395453
1.83431135244384,-60.7608589168034
1.84276121029334,-60.7978877993018
1.85124999288568,-60.8349438232067
1.85977787952986,-60.8720267273453
1.86834505036089,-60.9091362531781
1.87695168634356,-60.9462721447687
1.88559796927631,-60.9834341487563
1.89428408179503,-61.0206220143273
1.90301020737694,-61.0578354931879
1.91177653034444,-61.095074339536
1.92058323586905,-61.132338310035
1.92943050997528,-61.1696271637867
1.93831853954455,-61.2069406623051
1.9472475123192,-61.2442785694897
1.95621761690639,-61.2816406516008
1.96522904278212,-61.3190266772333
1.9742819802952,-61.3564364172918
1.98337662067133,-61.3938696449657
1.99251315601708,-61.4313261357051
2.00169177932395,-61.4688056671958
2.0109126844725,-61.5063080193362
2.02017606623641,-61.543832974213
2.02948212028656,-61.5813803160783
2.03883104319525,-61.6189498313261
2.04822303244026,-61.65654130847
2.05765828640908,-61.69415453812
2.06713700440308,-61.731789312961
2.07665938664172,-61.76944542773
2.08622563426679,-61.8071226791952
2.09583594934664,-61.8448208661337
2.10549053488048,-61.8825397893107
2.11518959480262,-61.9202792514584
2.12493333398681,-61.9580390572556
2.13472195825059,-61.9958190133064
2.14455567435958,-62.033618928121
2.15443469003188,-62.0714386120947
2.16435921394248,-62.1092778774886
2.17432945572761,-62.1471365384103
2.18434562598921,-62.1850144107938
2.1944079362994,-62.2229113123812
2.20451659920488,-62.2608270627031
2.21467182823147,-62.2987614830608
2.22487383788862,-62.3367143965068
2.23512284367392,-62.3746856278273
2.24541906207766,-62.4126750035243
2.2557627105874,-62.450682351797
2.2661540076926,-62.4887075025247
2.27659317288915,-62.5267502872496
2.28708042668411,-62.5648105391589
2.2976159906003,-62.6028880930685
2.30820008718099,-62.6409827854058
2.3188329399946,-62.6790944541927
2.32951477363947,-62.7172229390302
2.34024581374852,-62.755368081081
2.35102628699409,-62.7935297230541
2.36185642109269,-62.8317077091887
2.3727364448098,-62.8699018852385
2.38366658796476,-62.9081120984563
2.39464708143555,-62.9463381975781
2.40567815716372,-62.9845800328086
2.41676004815927,-63.0228374558058
2.42789298850557,-63.0611103196663
2.43907721336431,-63.0993984789103
2.45031295898047,-63.1377017894676
2.46160046268729,-63.1760201086625
2.47293996291132,-63.2143532952005
2.48433169917742,-63.2527012091533
2.49577591211384,-63.2910637119459
2.50727284345729,-63.3294406663418
2.51882273605808,-63.3678319364303
2.53042583388519,-63.4062373876127
2.54208238203147,-63.4446568865888
2.55379262671881,-63.4830903013442
2.56555681530334,-63.5215375011369
2.57737519628061,-63.5599983564848
2.58924801929094,-63.5984727391526
2.60117553512459,-63.6369605221396
2.6131579957271,-63.675461579667
2.62519565420464,-63.7139757871658
2.63728876482929,-63.7525030212642
2.64943758304447,-63.7910431597762
2.66164236547033,-63.8295960816893
2.67390336990912,-63.8681616671526
2.68622085535069,-63.9067397974655
2.69859508197794,-63.9453303550661
2.71102631117232,-63.9839332235194
2.72351480551934,-64.0225482875065
2.73606082881412,-64.0611754328134
2.74866464606699,-64.0998145463195
2.76132652350905,-64.1384655159875
2.77404672859779,-64.1771282308517
2.78682553002281,-64.2158025810079
2.79966319771138,-64.2544884576026
2.81256000283425,-64.2931857528227
2.82551621781132,-64.3318943598849
2.83853211631741,-64.3706141730259
2.85160797328802,-64.4093450874916
2.86474406492518,-64.448086999528
2.87794066870325,-64.4868398063702
2.8911980633748,-64.5256034062335
2.90451652897646,-64.5643776983033
2.91789634683491,-64.6031625827255
2.93133779957274,-64.6419579605971
2.94484117111446,-64.6807637339566
2.95840674669252,-64.7195798057753
2.9720348128533,-64.758406079947
2.98572565746314,-64.79724246128
2.99947956971449,-64.8360888554877
3.01329684013197,-64.8749451691792
3.02717776057851,-64.9138113098512
3.04112262426154,-64.952687185879
3.05513172573915,-64.9915727065076
3.06920536092633,-65.0304677818438
3.08334382710122,-65.0693723228468
3.09754742291141,-65.1082862413208
3.11181644838019,-65.147209449906
3.12615120491294,-65.1861418620709
3.1405519953035,-65.2250833921037
3.15501912374051,-65.2640339551049
3.16955289581391,-65.3029934669786
3.18415361852133,-65.3419618444254
3.19882160027461,-65.380939004934
3.2135571509063,-65.4199248667738
3.22836058167624,-65.4589193489875
3.24323220527806,-65.4979223713829
3.25817233584587,-65.536933854526
3.27318128896083,-65.5759537197336
3.28825938165787,-65.6149818890657
3.30340693243232,-65.6540182853183
3.31862426124671,-65.6930628320165
3.33391168953748,-65.7321154534072
3.3492695402218,-65.7711760744521
3.36469813770436,-65.8102446208209
3.38019780788423,-65.8493210188842
3.39576887816179,-65.8884051957069
3.41141167744556,-65.9274970790413
3.42712653615924,-65.9665965973207
3.44291378624861,-66.0057036796524
3.45877376118859,-66.0448182558115
3.47470679599028,-66.0839402562346
3.49071322720802,-66.1230696120126
3.50679339294651,-66.1622062548853
3.52294763286793,-66.2013501172348
3.53917628819916,-66.2405011320789
3.55547970173894,-66.2796592330656
3.57185821786514,-66.3188243544665
3.58831218254203,-66.3579964311713
3.60484194332759,-66.3971753986812
3.6214478493808,-66.4363611931036
3.63813025146913,-66.4755537511459
3.65488950197583,-66.5147530101099
3.67172595490743,-66.553958907886
3.68863996590123,-66.5931713829475
3.70563189223279,-66.6323903743453
3.72270209282345,-66.6716158217016
3.73985092824797,-66.7108476652054
3.75707876074212,-66.7500858456063
3.77438595421032,-66.7893303042095
3.79177287423332,-66.8285809828705
3.80923988807597,-66.8678378239893
3.82678736469493,-66.9071007705058
3.84441567474646,-66.9463697658945
3.86212519059432,-66.985644754159
3.87991628631753,-67.0249256798275
3.89778933771835,-67.0642124879471
3.91574472233021,-67.1035051240797
3.93378281942564,-67.1428035342962
3.95190401002431,-67.1821076651722
3.97010867690112,-67.221417463783
3.98839720459419,-67.2607328776988
4.00676997941308,-67.30005385498
4.02522738944686,-67.3393803441725
4.04376982457241,-67.3787122943033
4.06239767646256,-67.4180496548755
4.0811113385944,-67.457392375864
4.09991120625764,-67.496740407711
4.11879767656286,-67.5360937013216
4.13777114844997,-67.5754522080593
4.15683202269664,-67.6148158797414
4.17598070192672,-67.6541846686354
4.19521759061877,-67.6935585274538
4.21454309511463,-67.7329374093506
4.23395762362795,-67.7723212679167
4.25346158625284,-67.8117100571758
4.27305539497253,-67.8511037315806
4.2927394636681,-67.8905022460082
4.31251420812716,-67.9299055557566
4.3323800460527,-67.9693136165403
4.35233739707186,-68.0087263844866
4.37238668274484,-68.0481438161315
4.39252832657374,-68.087565868416
4.4127627540116,-68.1269924986822
4.43309039247128,-68.1664236646693
4.45351167133458,-68.2058593245103
4.47402702196125,-68.2452994367277
4.49463687769814,-68.2847439602302
4.51534167388832,-68.3241928543091
4.53614184788029,-68.3636460786345
4.55703783903724,-68.4031035932513
4.5780300887463,-68.4425653585768
4.59911904042787,-68.4820313353959
4.620305139545,-68.5215014848585
4.64158883361278,-68.5609757684757
4.66297057220781,-68.6004541481166
4.6844508069777,-68.6399365860043
4.70602999165058,-68.6794230447135
4.72770858204471,-68.7189134871666
4.74948703607811,-68.7584078766303
4.77136581377822,-68.7979061767128
4.79334537729163,-68.8374083513604
4.8154261908938,-68.876914364854
4.83760872099896,-68.9164241818066
4.85989343616986,-68.9559377671595
4.88228080712771,-68.9954550861795
4.90477130676214,-69.034976104456
4.92736541014118,-69.0745007878977
4.95006359452125,-69.1140291027298
4.97286633935733,-69.1535610154907
4.995774126313,-69.1930964930294
5.01878743927064,-69.2326355025026
5.04190676434171,-69.2721780113713
5.06513258987693,-69.3117239873987
5.08846540647663,-69.3512733986465
5.11190570700116,-69.390826213473
5.13545398658122,-69.4303824005296
5.15911074262836,-69.4699419287584
5.1828764748455,-69.5095047673892
5.20675168523746,-69.5490708859373
5.23073687812159,-69.5886402542004
5.25483256013837,-69.6282128422557
5.2790392402622,-69.6677886204583
5.30335742981204,-69.7073675594373
5.3277876424623,-69.7469496300943
5.35233039425368,-69.7865348036
5.37698620360402,-69.8261230513924
5.40175559131927,-69.8657143451739
5.42663908060455,-69.9053086569088
5.45163719707511,-69.9449059588211
5.47675046876749,-69.9845062233918
5.50197942615066,-70.0241094233566
5.52732460213723,-70.0637155317036
5.5527865320947,-70.1033245216709
5.57836575385675,-70.142936366744
5.60406280773467,-70.182551040654
5.62987823652867,-70.2221685173749
5.65581258553941,-70.2617887711213
5.68186640257956,-70.3014117763464
5.70804023798525,-70.3410375077399
5.7343346446278,-70.3806659402251
5.76075017792536,-70.4202970489575
5.78728739585465,-70.4599308093222
5.81394685896271,-70.4995671969319
5.84072913037881,-70.5392061876246
5.86763477582629,-70.5788477574617
5.89466436363453,-70.618491882726
5.92181846475093,-70.6581385399192
5.94909765275303,-70.6977877057603
5.97650250386056,-70.7374393571836
6.00403359694762,-70.7770934713359
6.03169151355499,-70.8167500255759
6.05947683790229,-70.8564089974707
6.08739015690039,-70.8960703647951
6.11543206016384,-70.9357341055289
6.14360314002322,-70.9754001978554
6.17190399153775,-71.0150686201594
6.20033521250784,-71.054739351025
6.22889740348766,-71.0944123692344
6.25759116779789,-71.1340876537653
6.28641711153842,-71.1737651837897
6.31537584360123,-71.2134449386719
6.34446797568312,-71.2531268979664
6.37369412229874,-71.2928110414165
6.40305490079356,-71.3324973489525
6.43255093135684,-71.3721858006899
6.4621828370348,-71.4118763769276
6.49195124374377,-71.4515690581461
6.52185678028339,-71.4912638250064
6.55190007834986,-71.5309606583474
6.58208177254939,-71.5706595391851
6.61240250041151,-71.6103604487105
6.64286290240255,-71.6500633682878
6.67346362193919,-71.6897682794536
6.70420530540208,-71.7294751639143
6.73508860214941,-71.769184003545
6.76611416453069,-71.8088947803882
6.79728264790055,-71.8486074766516
6.8285947106325,-71.8883220747073
6.86005101413289,-71.9280385570895
6.89165222285492,-71.9677569064937
6.92339900431257,-72.0074771057747
6.95529202909479,-72.0471991379454
6.98733197087966,-72.0869229861753
7.01951950644856,-72.1266486337888
7.0518553157005,-72.1663760642641
7.08434008166649,-72.2061052612316
7.116974490524,-72.2458362084725
7.14975923161135,-72.2855688899175
7.18269499744236,-72.3253032896451
7.21578248372099,-72.3650393918808
7.24902238935595,-72.4047771809951
7.28241541647552,-72.4445166415025
7.31596227044241,-72.4842577580603
7.34966365986858,-72.524000515467
7.38352029663026,-72.5637448986609
7.41753289588301,-72.6034908927192
7.45170217607675,-72.6432384828566
7.48602885897099,-72.6829876544236
7.52051366965011,-72.7227383929057
7.55515733653857,-72.7624906839223
7.58996059141638,-72.8022445132248
7.62492416943454,-72.8419998666959
7.66004880913059,-72.8817567303483
7.69533525244413,-72.9215150903233
7.73078424473258,-72.9612749328899
7.7663965347869,-73.0010362444435
7.80217287484737,-73.0407990115044
7.83811402061951,-73.0805632207172
7.87422073129007,-73.1203288588493
7.91049376954302,-73.16009591279
7.94693390157563,-73.1998643695491
7.9835418971148,-73.2396342162558
8.02031852943313,-73.2794054401578
8.05726457536538,-73.3191780286202
8.09438081532482,-73.3589519691243
8.1316680333198,-73.3987272492665
8.16912701697018,-73.4385038567573
8.20675855752403,-73.4782817794201
8.24456344987444,-73.5180610051905
8.28254249257612,-73.5578415221151
8.32069648786239,-73.5976233183501
8.35902624166216,-73.6374063821608
8.39753256361683,-73.6771907019206
8.43621626709746,-73.7169762661094
8.47507816922202,-73.7567630633134
8.51411909087249,-73.7965510822235
8.55333985671236,-73.8363403116345
8.59274129520391,-73.8761307404447
8.63232423862586,-73.9159223576537
8.6720895230908,-73.9557151523629
8.71203798856293,-73.9955091137736
8.75217047887585,-74.0353042311863
8.79248784175025,-74.0751004939999
8.83299092881191,-74.1148978917108
8.87368059560974,-74.1546964139118
8.91455770163369,-74.1944960502915
8.95562311033303,-74.2342967906332
8.99687768913462,-74.274098624814
9.03832230946107,-74.3139015428041
9.0799578467493,-74.3537055346659
9.121785180469,-74.393510590553
9.16380519414115,-74.4333167007096
9.20601877535671,-74.4731238554693
9.2484268157954,-74.5129320452549
9.29103021124453,-74.5527412605768
9.33382986161787,-74.5925514920327
9.37682667097469,-74.6323627303068
9.42002154753891,-74.6721749661688
9.46341540371818,-74.711988190473
9.50700915612321,-74.751802394158
9.55080372558718,-74.7916175682455
9.5948000371851,-74.8314337038396
9.63899902025335,-74.8712507921262
9.68340160840946,-74.9110688243722
9.72800873957162,-74.9508877919244
9.77282135597863,-74.9907076862095
9.81784040420975,-75.0305284987325
9.86306683520477,-75.0703502210768
9.90850160428396,-75.1101728449028
9.95414567116834,-75.1499963619476
10,-75.1898207640237
